"last_name, first_name","player_id","team_name_alt","pitch_type","pitch_name","run_value_per_100","run_value","pitches","pitch_usage","pa","ba","slg","woba","whiff_percent","k_percent","put_away","est_ba","est_slg","est_woba","hard_hit_percent"
"Soriano, José",667755,"LAA","SI","Sinker",0.6,5,"850",50.2,"260","0.289","0.342","0.333",18,9.2,16.2,"0.296","0.421","0.359",54.4
"Peralta, Freddy",642547,"MIL","FF","4-Seam Fastball",0.4,4,"984",57.6,"253","0.207","0.378","0.312",22.7,22.1,18.4,"0.261","0.485","0.366",42.1
"Parker, Mitchell",680730,"WSH","FF","4-Seam Fastball",-0.1,0,"853",54.4,"246","0.249","0.407","0.338",11.2,9.3,11.6,"0.303","0.531","0.396",55.5
"Gausman, Kevin",592332,"TOR","FF","4-Seam Fastball",0.1,1,"917",53.6,"242","0.258","0.46","0.35",18.4,19,16.7,"0.275","0.504","0.371",44
"Ray, Robbie",592662,"SF","FF","4-Seam Fastball",0.9,8,"890",52.1,"240","0.193","0.335","0.282",24.1,29.6,25.5,"0.19","0.339","0.273",40.3
"Senzatela, Antonio",622608,"COL","FF","4-Seam Fastball",-0.6,-5,"821",52.5,"232","0.34","0.457","0.408",11.3,7.3,8.5,"0.332","0.483","0.402",47.3
"Ryan, Joe",657746,"MIN","FF","4-Seam Fastball",2,18,"869",52.9,"226","0.171","0.308","0.244",27.6,30.5,24,"0.201","0.405","0.284",40.8
"Kochanowicz, Jack",686799,"LAA","SI","Sinker",-0.7,-5,"700",47.6,"217","0.302","0.45","0.369",15.7,9.7,14.3,"0.292","0.433","0.359",48.8
"Cease, Dylan",656302,"SD","SL","Slider",0.7,6,"808",47.3,"210","0.216","0.366","0.29",41.2,37.1,24.4,"0.205","0.352","0.27",35.9
"Gallen, Zac",668678,"AZ","FF","4-Seam Fastball",-0.1,-1,"818",48,"206","0.249","0.411","0.323",14.3,17,17.7,"0.278","0.51","0.368",51.7
"Gore, MacKenzie",669022,"WSH","FF","4-Seam Fastball",0.2,2,"892",50.3,"205","0.296","0.425","0.354",21.5,15.6,15.5,"0.302","0.49","0.376",47
"Pallante, Andre",669467,"STL","FF","4-Seam Fastball",0.6,4,"711",47.4,"205","0.261","0.462","0.356",16.9,11.2,14.9,"0.302","0.511","0.379",50.9
"Sánchez, Cristopher",650911,"PHI","SI","Sinker",0.6,5,"735",48,"200","0.293","0.381","0.349",13.3,14,21.5,"0.271","0.396","0.326",48.4
"Valdez, Framber",664285,"HOU","SI","Sinker",1.5,11,"741",44.1,"198","0.258","0.337","0.302",11.3,8.1,18.8,"0.325","0.472","0.375",51.5
"Castillo, Luis",622491,"SEA","FF","4-Seam Fastball",1.4,11,"793",46.1,"197","0.176","0.335","0.264",26.6,25.9,17.6,"0.213","0.443","0.317",50.8
"Nelson, Ryne",669194,"AZ","FF","4-Seam Fastball",2.2,16,"731",62.6,"195","0.181","0.288","0.247",19.9,24.1,19.8,"0.251","0.384","0.311",41.5
"Bassitt, Chris",605135,"TOR","SI","Sinker",0.2,2,"695",41.6,"193","0.312","0.41","0.37",13.3,15,19.3,"0.298","0.432","0.354",41.7
"Sale, Chris",519242,"ATL","SL","Slider",2.2,16,"718",48.3,"191","0.153","0.22","0.198",40.1,42.9,26.6,"0.154","0.238","0.205",19.8
"Brown, Ben",676962,"CHC","FF","4-Seam Fastball",-0.7,-6,"774",57.9,"189","0.312","0.506","0.393",15.4,14.3,16,"0.306","0.601","0.414",50.3
"Bradley, Taj",671737,"TB","FF","4-Seam Fastball",-0.9,-6,"679",43.6,"188","0.296","0.503","0.411",16,12.2,15.1,"0.294","0.456","0.379",41.9
"Pivetta, Nick",601713,"SD","FF","4-Seam Fastball",1.7,12,"725",48.6,"187","0.209","0.343","0.268",25.8,30.5,27.1,"0.248","0.459","0.332",51.3
"Williams, Trevor",592866,"WSH","FF","4-Seam Fastball",-1.2,-8,"617",42.6,"186","0.345","0.556","0.41",15,17.2,16.4,"0.291","0.456","0.348",46.5
"Paddack, Chris",663978,"MIN","FF","4-Seam Fastball",0.7,6,"754",47.7,"182","0.258","0.362","0.302",16.6,15.9,11.5,"0.283","0.457","0.339",47.5
"Falter, Bailey",663559,"PIT","FF","4-Seam Fastball",0.5,3,"635",45.7,"181","0.237","0.397","0.326",17.6,15.5,15.6,"0.245","0.403","0.324",45
"Flaherty, Jack",656427,"DET","FF","4-Seam Fastball",0,0,"725",46.5,"178","0.25","0.468","0.36",16.8,23,18.8,"0.267","0.518","0.373",48.3
"Boyd, Matthew",571510,"CHC","FF","4-Seam Fastball",1.1,8,"745",46.4,"178","0.251","0.395","0.29",16.6,20.8,17.6,"0.262","0.428","0.311",47.8
"Francis, Bowden",670102,"TOR","FF","4-Seam Fastball",-0.7,-5,"657",57.6,"177","0.28","0.497","0.366",14.8,14.7,14.4,"0.288","0.481","0.366",54.5
"Patrick, Chad",694477,"MIL","FC","Cutter",0.1,1,"669",42.1,"176","0.274","0.452","0.343",25.5,22.7,19,"0.268","0.464","0.344",40
"deGrom, Jacob",594798,"TEX","FF","4-Seam Fastball",1.6,11,"670",46.1,"175","0.198","0.37","0.267",21.9,24,20.6,"0.228","0.395","0.291",44.3
"Heaney, Andrew",571760,"PIT","FF","4-Seam Fastball",0.2,1,"668",45.3,"174","0.24","0.466","0.354",18.8,17.8,15,"0.267","0.478","0.372",54.7
"Singer, Brady",663903,"CIN","SI","Sinker",-0.4,-3,"623",41,"171","0.241","0.46","0.359",18.3,22.8,20.4,"0.253","0.463","0.369",58.3
"Crochet, Garrett",676979,"BOS","FF","4-Seam Fastball",-0.2,-2,"789",41.8,"171","0.24","0.453","0.354",30.6,35.1,26.2,"0.209","0.44","0.325",51.1
"Holmes, Grant",656550,"ATL","SL","Slider",1.7,10,"598",35.2,"171","0.148","0.239","0.208",44.8,38,28.1,"0.188","0.332","0.258",44.6
"Pepiot, Ryan",686752,"TB","FF","4-Seam Fastball",-0.7,-5,"716",44,"171","0.25","0.521","0.376",25.7,28.1,21.1,"0.233","0.442","0.351",53.1
"Webb, Logan",657277,"SF","SI","Sinker",1.7,12,"674",36.2,"170","0.242","0.363","0.296",12,18.2,25.4,"0.275","0.424","0.326",43
"Cease, Dylan",656302,"SD","FF","4-Seam Fastball",-0.4,-2,"697",40.8,"170","0.264","0.431","0.347",27.1,20,17.6,"0.248","0.427","0.34",45.1
"Anderson, Tyler",542881,"LAA","FF","4-Seam Fastball",0.3,2,"630",37.7,"169","0.247","0.422","0.339",16.5,14.2,12.8,"0.269","0.534","0.369",43.5
"Sears, JP",676664,"ATH","FF","4-Seam Fastball",-0.6,-4,"617",38.6,"168","0.285","0.497","0.371",18.3,19.6,14.6,"0.293","0.566","0.392",50.4
"Kikuchi, Yusei",579328,"LAA","SL","Slider",1,7,"633",36.6,"167","0.226","0.38","0.337",25,24,24.2,"0.253","0.483","0.378",40.4
"Hendricks, Kyle",543294,"LAA","CH","Changeup",0.7,4,"552",37.9,"166","0.212","0.362","0.255",19.9,16.3,13,"0.234","0.397","0.278",29.6
"Abbott, Andrew",671096,"CIN","FF","4-Seam Fastball",1.4,9,"651",47.9,"165","0.215","0.383","0.296",20.7,24.2,19,"0.217","0.407","0.305",40.9
"Valdez, Framber",664285,"HOU","CU","Curveball",-0.2,-1,"561",33.4,"164","0.19","0.296","0.28",43.1,44.5,30,"0.176","0.249","0.252",42
"Woo, Bryan",693433,"SEA","FF","4-Seam Fastball",1.9,13,"661",43.3,"164","0.158","0.316","0.225",31.9,32.3,24.3,"0.186","0.368","0.261",33.3
"deGrom, Jacob",594798,"TEX","SL","Slider",1.9,10,"558",38.4,"164","0.19","0.261","0.232",37.5,29.9,26.2,"0.219","0.32","0.263",35.6
"Gausman, Kevin",592332,"TOR","FS","Split-Finger",1.4,9,"649",38,"163","0.161","0.226","0.192",37.2,33.7,20,"0.188","0.277","0.217",26.5
"Rodón, Carlos",607074,"NYY","SL","Slider",1.6,9,"552",30.3,"163","0.124","0.221","0.216",41.4,41.1,26.3,"0.16","0.257","0.233",35.4
"Rea, Colin",607067,"CHC","FF","4-Seam Fastball",-0.3,-2,"608",44.7,"163","0.298","0.51","0.377",13.8,14.7,16.1,"0.297","0.536","0.375",50
"Brown, Ben",676962,"CHC","CU","Curveball",-0.8,-4,"505",37.8,"163","0.258","0.411","0.313",43.5,38,27.8,"0.22","0.333","0.267",44.4
"Skenes, Paul",694973,"PIT","FF","4-Seam Fastball",1.5,10,"691",37.9,"162","0.197","0.32","0.271",26.4,30.2,22,"0.215","0.375","0.292",54.1
"Fried, Max",608331,"NYY","FC","Cutter",2.5,14,"562",30.6,"161","0.177","0.265","0.249",19.4,16.1,17.7,"0.249","0.364","0.299",32.8
"Wheeler, Zack",554430,"PHI","FF","4-Seam Fastball",2.2,17,"755",41.9,"160","0.161","0.287","0.24",32.5,36.3,26.9,"0.173","0.302","0.249",39.5
"Holmes, Clay",605280,"NYM","SI","Sinker",0.5,3,"580",38,"160","0.302","0.442","0.385",14.1,10,18.2,"0.295","0.463","0.394",52.6
"Williams, Gavin",668909,"CLE","FF","4-Seam Fastball",-0.9,-6,"671",40,"160","0.295","0.489","0.389",24.2,16.9,15.2,"0.303","0.529","0.398",44.6
"Baz, Shane",669358,"TB","FF","4-Seam Fastball",0.3,2,"707",45.5,"159","0.252","0.405","0.356",24.3,23.3,22.7,"0.248","0.443","0.365",47.9
"May, Dustin",669160,"LAD","SI","Sinker",-0.9,-5,"531",37.8,"158","0.293","0.571","0.417",9.9,8.2,21.7,"0.357","0.646","0.466",59
"Rodón, Carlos",607074,"NYY","FF","4-Seam Fastball",0.3,2,"729",40,"158","0.217","0.478","0.342",23.9,20.9,20.5,"0.223","0.479","0.343",45.3
"Roupp, Landen",694738,"SF","SI","Sinker",-0.9,-5,"565",39.5,"158","0.348","0.464","0.413",9,11.4,20.7,"0.317","0.465","0.379",45.5
"Smith, Shane",681343,"CWS","FF","4-Seam Fastball",1.2,7,"622",44.3,"157","0.224","0.321","0.304",23.3,21,20.9,"0.241","0.388","0.331",39.2
"Rodriguez, Eduardo",593958,"AZ","FF","4-Seam Fastball",-1.1,-7,"606",45.7,"156","0.307","0.54","0.401",23.9,28.2,26.5,"0.242","0.443","0.333",40
"Hendricks, Kyle",543294,"LAA","SI","Sinker",-0.6,-3,"542",37.2,"156","0.293","0.45","0.366",10.9,13.5,14.7,"0.271","0.389","0.324",35.8
"Springs, Jeffrey",605488,"ATH","FF","4-Seam Fastball",-0.7,-5,"674",41.4,"156","0.248","0.453","0.333",14.6,18.6,15.1,"0.266","0.494","0.361",40.5
"Anderson, Tyler",542881,"LAA","CH","Changeup",-0.8,-4,"568",34,"155","0.246","0.457","0.337",41.4,27.1,21.3,"0.222","0.389","0.302",24.7
"Burke, Sean",680732,"CWS","FF","4-Seam Fastball",0,0,"588",40.4,"155","0.236","0.354","0.335",24,23.9,19.1,"0.216","0.412","0.342",44
"Skubal, Tarik",669373,"DET","CH","Changeup",3.4,18,"524",31.7,"155","0.158","0.184","0.158",48.6,46.5,32.1,"0.159","0.209","0.166",24.7
"Priester, Quinn",682990,"MIL","SI","Sinker",0.1,1,"566",42.4,"154","0.277","0.38","0.346",11.3,14.3,19.6,"0.293","0.417","0.347",47.4
"Ober, Bailey",641927,"MIN","FF","4-Seam Fastball",0.7,4,"569",38.3,"154","0.261","0.435","0.331",18.3,14.3,14.8,"0.257","0.479","0.337",43
"Crochet, Garrett",676979,"BOS","FC","Cutter",1.7,9,"542",28.7,"153","0.233","0.322","0.272",23.2,20.9,22.7,"0.247","0.387","0.294",35.7
"Bubic, Kris",663460,"KC","FF","4-Seam Fastball",0.3,2,"590",37.3,"153","0.257","0.393","0.322",29.1,27.5,24.9,"0.231","0.38","0.298",36.7
"Corbin, Patrick",571578,"TEX","SI","Sinker",0.2,1,"476",33.8,"151","0.271","0.436","0.339",12,17.2,18.4,"0.302","0.511","0.388",51.8
"Irvin, Jake",663623,"WSH","FF","4-Seam Fastball",-0.7,-4,"543",32.5,"150","0.227","0.439","0.332",15.3,16.7,13.4,"0.286","0.606","0.412",55.1
"Luzardo, Jesús",666200,"PHI","FF","4-Seam Fastball",-0.8,-5,"585",34.8,"149","0.313","0.478","0.38",18.5,19.5,17.9,"0.314","0.511","0.387",49.5
"Morton, Charlie",450203,"BAL","CU","Curveball",-0.8,-4,"536",38.4,"149","0.246","0.385","0.329",33.3,29.5,20.8,"0.239","0.382","0.313",36.4
"Severino, Luis",622663,"ATH","SI","Sinker",0.6,3,"429",23.2,"148","0.25","0.422","0.344",10.2,12.8,17.4,"0.261","0.389","0.331",41.8
"Dollander, Chase",801403,"COL","FF","4-Seam Fastball",-1.9,-11,"596",48.2,"148","0.294","0.588","0.444",21.5,15.5,14.4,"0.286","0.573","0.422",45.5
"Fedde, Erick",607200,"STL","SI","Sinker",0.3,1,"562",36.5,"147","0.262","0.415","0.346",10.1,15,16.2,"0.309","0.473","0.376",53.2
"Sánchez, Cristopher",650911,"PHI","CH","Changeup",1.6,9,"543",35.5,"146","0.148","0.185","0.191",45.1,43.2,28,"0.172","0.208","0.207",19.4
"Greene, Hunter",668881,"CIN","FF","4-Seam Fastball",1.6,9,"561",57.4,"145","0.222","0.363","0.279",21.3,26.2,17.7,"0.23","0.415","0.299",49
"Warren, Will",701542,"NYY","FF","4-Seam Fastball",1.3,8,"584",38.8,"144","0.19","0.306","0.287",27.2,32.6,24.7,"0.204","0.323","0.294",44.7
"Berríos, José",621244,"TOR","SI","Sinker",0.2,1,"492",30.8,"144","0.254","0.431","0.329",10.5,16,23.2,"0.304","0.538","0.391",47.2
"Márquez, Germán",608566,"COL","FF","4-Seam Fastball",-2.9,-13,"453",31.3,"143","0.328","0.59","0.436",9.9,11.2,13.4,"0.31","0.56","0.406",50.5
"May, Dustin",669160,"LAD","ST","Sweeper",0.8,5,"586",41.7,"143","0.215","0.319","0.262",28.6,35,26.5,"0.205","0.318","0.248",30.2
"Schwellenbach, Spencer",680885,"ATL","FF","4-Seam Fastball",1.7,9,"551",35,"142","0.221","0.346","0.264",27.4,23.9,21.5,"0.288","0.474","0.336",57.3
"Hancock, Emerson",676106,"SEA","SI","Sinker",-0.8,-4,"468",37.6,"142","0.306","0.479","0.392",8.4,7.7,13.9,"0.32","0.454","0.387",45.5
"Woods Richardson, Simeon",680573,"MIN","FF","4-Seam Fastball",0.5,2,"498",45.8,"141","0.242","0.358","0.322",22.8,22.7,23,"0.244","0.462","0.352",48.9
"Elder, Bryce",693821,"ATL","SL","Slider",0.5,3,"485",39.6,"141","0.246","0.423","0.326",27.6,20.6,20.4,"0.279","0.458","0.34",42.2
"Bello, Brayan",678394,"BOS","SI","Sinker",0.1,0,"492",38.2,"140","0.28","0.356","0.375",9.2,11.4,16.5,"0.274","0.356","0.337",35
"Baz, Shane",669358,"TB","CU","Curveball",1.2,5,"455",29.3,"139","0.183","0.252","0.228",26.4,30.2,22.7,"0.214","0.295","0.244",43.3
"Keller, Mitch",656605,"PIT","FF","4-Seam Fastball",1.2,7,"579",34.5,"139","0.24","0.352","0.301",16.8,17.3,15.7,"0.306","0.467","0.367",42.6
"Springs, Jeffrey",605488,"ATH","CH","Changeup",0.3,1,"425",26.1,"139","0.188","0.344","0.294",40.5,24.5,19.3,"0.21","0.321","0.257",24
"Verlander, Justin",434378,"SF","FF","4-Seam Fastball",-1.4,-8,"572",48.6,"139","0.295","0.557","0.416",20.5,15.8,15.5,"0.329","0.618","0.431",48.5
"Sale, Chris",519242,"ATL","FF","4-Seam Fastball",-0.5,-3,"627",42.2,"139","0.331","0.5","0.403",22.2,19.4,17.2,"0.289","0.447","0.365",43
"Lord, Brad",695418,"WSH","FF","4-Seam Fastball",0.3,2,"570",55.8,"138","0.254","0.373","0.339",25.6,24.6,18.5,"0.268","0.391","0.337",38.4
"Hicks, Jordan",663855,"BOS","SI","Sinker",-1.1,-5,"477",54.4,"136","0.316","0.453","0.399",9.7,11.8,20,"0.307","0.417","0.362",50
"Woo, Bryan",693433,"SEA","SI","Sinker",1.8,7,"409",26.8,"135","0.252","0.331","0.298",10,14.8,24.7,"0.274","0.4","0.311",45.4
"Ferrer, Jose A.",678606,"WSH","SI","Sinker",0.1,0,"504",70.9,"135","0.3","0.417","0.342",16.1,12.6,13.6,"0.279","0.39","0.325",41.1
"Roupp, Landen",694738,"SF","CU","Curveball",0.6,3,"532",37.2,"134","0.179","0.316","0.266",39.3,32.8,27.2,"0.176","0.296","0.254",18.4
"Littell, Zack",641793,"TB","SL","Slider",-1.2,-6,"489",31.4,"133","0.294","0.571","0.39",19.1,11.3,17.9,"0.346","0.686","0.456",49.1
"Littell, Zack",641793,"TB","FS","Split-Finger",0.1,0,"404",25.9,"133","0.258","0.379","0.279",24.2,25.6,19.8,"0.216","0.326","0.236",37.8
"Spence, Mitch",687765,"ATH","FC","Cutter",0.3,2,"520",46.8,"133","0.261","0.437","0.36",20.7,14.3,16.1,"0.285","0.507","0.369",49
"Irvin, Jake",663623,"WSH","CU","Curveball",-0.8,-4,"553",33.1,"133","0.25","0.54","0.381",24.2,24.8,17.9,"0.273","0.558","0.373",45.1
"Taillon, Jameson",592791,"CHC","FF","4-Seam Fastball",0.1,1,"576",38.6,"132","0.221","0.467","0.318",17.2,16.7,12.7,"0.287","0.563","0.386",51
"Mahle, Tyler",641816,"TEX","FF","4-Seam Fastball",0.6,3,"609",49.3,"132","0.207","0.319","0.284",23.1,22.7,14.4,"0.259","0.46","0.352",48.8
"Strider, Spencer",675911,"ATL","FF","4-Seam Fastball",0,0,"490",54,"132","0.246","0.421","0.334",18.4,15.9,18.9,"0.279","0.467","0.356",44.8
"Giolito, Lucas",608337,"BOS","FF","4-Seam Fastball",0.5,3,"517",49.2,"131","0.296","0.374","0.34",19.6,21.4,22.6,"0.288","0.43","0.344",50
"Quintana, Jose",500779,"MIL","SI","Sinker",0.2,1,"506",46.1,"131","0.27","0.426","0.36",13.5,18.3,19.5,"0.267","0.447","0.349",50
"Kelly, Merrill",518876,"AZ","CH","Changeup",1.9,8,"410",25,"131","0.182","0.273","0.243",37.1,31.3,25.2,"0.225","0.313","0.267",41.3
"Birdsong, Hayden",806185,"SF","FF","4-Seam Fastball",0.3,1,"511",43.7,"130","0.196","0.451","0.345",21.3,17.7,16.5,"0.211","0.454","0.361",43.9
"Hill, Tim",657612,"NYY","SI","Sinker",0.8,3,"428",81.2,"129","0.227","0.361","0.306",12.9,10.1,13,"0.264","0.393","0.315",50
"Gusto, Ryan",687473,"HOU","FF","4-Seam Fastball",0.2,1,"545",45.7,"129","0.209","0.417","0.325",28.5,29.5,21.6,"0.201","0.375","0.293",42.9
"Kikuchi, Yusei",579328,"LAA","FF","4-Seam Fastball",-0.9,-6,"615",35.6,"128","0.322","0.458","0.381",22.1,25,16.1,"0.274","0.452","0.34",51.2
"Hanifee, Brenan",669724,"DET","SI","Sinker",-0.2,-1,"453",66.2,"127","0.271","0.415","0.357",12.1,11,15.7,"0.289","0.447","0.337",46.7
"Singer, Brady",663903,"CIN","SL","Slider",0.4,2,"485",31.9,"126","0.202","0.37","0.262",29,23,17.1,"0.241","0.419","0.299",35.2
"Brown, Hunter",686613,"HOU","FF","4-Seam Fastball",2.6,15,"579",35.7,"126","0.127","0.178","0.176",33.6,48.4,29,"0.164","0.275","0.219",42.1
"Elder, Bryce",693821,"ATL","SI","Sinker",-2.3,-11,"494",40.3,"126","0.321","0.607","0.424",12.2,20.6,24.1,"0.315","0.567","0.407",57.5
"Wacha, Michael",608379,"KC","CH","Changeup",3.4,14,"421",26.3,"125","0.157","0.2","0.197",31.3,25.6,18.7,"0.18","0.236","0.216",16.7
"Megill, Tylor",656731,"NYM","FF","4-Seam Fastball",0.7,4,"521",42.2,"125","0.226","0.377","0.32",29.6,35.2,27.3,"0.229","0.389","0.338",50.8
"Alcantara, Sandy",645261,"MIA","SI","Sinker",1.8,7,"375",25.1,"125","0.252","0.355","0.32",9.6,8,11.9,"0.294","0.456","0.365",44
"Kahnle, Tommy",592454,"DET","CH","Changeup",1.8,9,"478",85.4,"124","0.172","0.284","0.237",25.8,21.8,22.1,"0.219","0.367","0.279",33.7
"Webb, Logan",657277,"SF","CH","Changeup",1.8,7,"390",21,"124","0.193","0.286","0.233",35.1,36.3,27.3,"0.235","0.342","0.265",45.9
"Ober, Bailey",641927,"MIN","CH","Changeup",-0.3,-1,"419",28.2,"123","0.239","0.41","0.292",30.3,26,17.8,"0.208","0.357","0.256",26.7
"Márquez, Germán",608566,"COL","CU","Curveball",-0.6,-3,"445",30.8,"123","0.207","0.364","0.293",36.9,35.8,22.4,"0.227","0.367","0.259",42.9
"Skubal, Tarik",669373,"DET","FF","4-Seam Fastball",1.2,5,"443",26.8,"123","0.214","0.313","0.26",28.4,32.5,20.3,"0.233","0.413","0.307",35.6
"Yamamoto, Yoshinobu",808967,"LAD","FS","Split-Finger",1.1,5,"410",26.1,"123","0.138","0.276","0.204",41.6,43.1,26.9,"0.154","0.264","0.208",38.1
"Canning, Griffin",656288,"NYM","SL","Slider",-0.3,-1,"423",31.5,"123","0.277","0.42","0.346",33.5,22,18.4,"0.274","0.465","0.349",44.7
"Peterson, David",656849,"NYM","SI","Sinker",1,5,"465",29.1,"123","0.265","0.343","0.337",10.6,5.7,13.2,"0.282","0.37","0.35",42.7
"Meyer, Max",676974,"MIA","SL","Slider",0.5,2,"365",35.1,"122","0.209","0.382","0.284",42.4,41.8,32.3,"0.225","0.39","0.309",55.7
"Peterson, David",656849,"NYM","SL","Slider",1.2,4,"331",20.7,"121","0.205","0.299","0.246",34.4,39.7,32.4,"0.219","0.352","0.259",50.7
"Fedde, Erick",607200,"STL","FC","Cutter",-0.5,-2,"422",27.4,"121","0.315","0.509","0.385",20.4,14,18.3,"0.304","0.538","0.388",44.1
"Vásquez, Randy",681190,"SD","FC","Cutter",-2.1,-8,"405",27.6,"121","0.286","0.49","0.395",19.4,14,16.2,"0.284","0.558","0.417",32.9
"Burnes, Corbin",669203,"AZ","FC","Cutter",0.3,2,"554",54.9,"121","0.257","0.446","0.367",21.7,14,14.9,"0.266","0.415","0.354",43.5
"Holmes, Grant",656550,"ATL","FF","4-Seam Fastball",-2.2,-13,"582",34.3,"121","0.33","0.691","0.476",17.4,18.2,16.5,"0.313","0.641","0.454",50
"Severino, Luis",622663,"ATH","ST","Sweeper",-1.2,-6,"474",25.6,"120","0.226","0.415","0.326",19.8,25.8,16.5,"0.248","0.414","0.327",34.2
"Pfaadt, Brandon",694297,"AZ","FF","4-Seam Fastball",-0.4,-2,"512",32.6,"120","0.274","0.472","0.359",17.3,14.2,12.7,"0.355","0.728","0.477",54.4
"Boyd, Matthew",571510,"CHC","CH","Changeup",0.5,2,"368",22.9,"119","0.216","0.369","0.302",30.6,21.8,19.8,"0.208","0.352","0.267",30.2
"Yamamoto, Yoshinobu",808967,"LAD","FF","4-Seam Fastball",1.8,11,"588",37.5,"118","0.183","0.26","0.256",14.8,22,19.4,"0.244","0.382","0.315",51.9
"Liberatore, Matthew",669461,"STL","FF","4-Seam Fastball",-0.3,-1,"398",27.3,"118","0.313","0.473","0.367",14.5,17.8,18.6,"0.292","0.492","0.35",46.7
"Santillan, Tony",663574,"CIN","FF","4-Seam Fastball",1.4,6,"447",65.3,"118","0.183","0.321","0.267",20.3,20.3,15.2,"0.275","0.436","0.333",49.4
"Wacha, Michael",608379,"KC","FF","4-Seam Fastball",-0.8,-4,"472",29.5,"118","0.311","0.447","0.378",13.6,16.1,14.7,"0.321","0.548","0.406",43.5
"Corbin, Patrick",571578,"TEX","SL","Slider",-0.4,-2,"495",35.1,"118","0.254","0.395","0.29",36.6,24.6,17.2,"0.258","0.395","0.291",32.6
"Rogers, Tyler",643511,"SF","SI","Sinker",3.7,14,"377",73.3,"117","0.186","0.23","0.197",18,17.1,23,"0.23","0.288","0.242",35.5
"Horton, Cade",690990,"CHC","FF","4-Seam Fastball",-1,-4,"425",51.3,"117","0.359","0.466","0.39",11.9,9.4,12,"0.342","0.586","0.42",48.9
"Clase, Emmanuel",661403,"CLE","FC","Cutter",0.2,1,"412",67.2,"116","0.308","0.404","0.338",30.4,21.6,22.5,"0.271","0.401","0.319",45.8
"Webb, Logan",657277,"SF","ST","Sweeper",-1.1,-6,"492",26.5,"116","0.308","0.452","0.371",30.5,23.3,18.8,"0.256","0.374","0.299",26.3
"Rasmussen, Drew",656876,"TB","FF","4-Seam Fastball",1,4,"444",33.2,"116","0.262","0.411","0.322",22.1,25.9,20.5,"0.261","0.411","0.319",46.8
"Burke, Sean",680732,"CWS","SL","Slider",-1.2,-4,"374",25.7,"115","0.255","0.5","0.363",26,14.8,16.8,"0.294","0.581","0.384",41.8
"Schmidt, Clarke",657376,"NYY","FC","Cutter",0.7,3,"500",40.8,"115","0.245","0.429","0.338",23.7,14.8,13.9,"0.227","0.38","0.313",36.1
"Pepiot, Ryan",686752,"TB","CH","Changeup",0.3,1,"387",23.8,"115","0.191","0.327","0.246",29.4,29.6,18.9,"0.232","0.39","0.28",41.6
"Gray, Sonny",543243,"STL","ST","Sweeper",0.7,2,"302",20.6,"115","0.159","0.257","0.182",41.1,51.3,27.3,"0.175","0.296","0.206",29.1
"Ortiz, Luis L.",682847,"CLE","FF","4-Seam Fastball",-0.4,-2,"444",29.6,"114","0.242","0.4","0.354",32.3,31.6,25.4,"0.237","0.449","0.357",50.8
"Priester, Quinn",682990,"MIL","SL","Slider",1.1,4,"395",29.6,"114","0.171","0.362","0.271",35.1,19.3,15,"0.201","0.345","0.265",34.5
"Paddack, Chris",663978,"MIN","CH","Changeup",-1,-4,"371",23.5,"113","0.235","0.431","0.322",26.6,17.7,14.7,"0.259","0.473","0.35",45.2
"Gallen, Zac",668678,"AZ","CU","Curveball",-1.2,-5,"412",24.2,"113","0.22","0.46","0.352",43.1,44.2,29.8,"0.188","0.376","0.294",54.9
"Castillo, Luis",622491,"SEA","SI","Sinker",-0.1,0,"362",21,"113","0.314","0.429","0.354",11.2,7.1,10.8,"0.343","0.486","0.381",53.6
"Matz, Steven",571927,"STL","SI","Sinker",1.9,9,"456",60,"113","0.245","0.302","0.273",19.2,23,19.5,"0.244","0.376","0.287",44.4
"Sugano, Tomoyuki",608372,"BAL","FS","Split-Finger",1.3,5,"366",24.8,"113","0.2","0.282","0.231",27,25.7,20.3,"0.25","0.427","0.299",28.4
"Bibee, Tanner",676440,"CLE","FF","4-Seam Fastball",0.3,1,"452",27.6,"112","0.265","0.461","0.339",14.8,13.4,12.5,"0.301","0.526","0.38",43.2
"Leiter, Jack",683004,"TEX","FF","4-Seam Fastball",0.4,2,"419",32.4,"112","0.181","0.287","0.289",21.7,24.1,15.5,"0.241","0.463","0.361",49.3
"Lodolo, Nick",666157,"CIN","CH","Changeup",2.1,8,"361",22.3,"111","0.165","0.301","0.255",22.2,10.8,14.5,"0.272","0.457","0.334",34.8
"Severino, Luis",622663,"ATH","FF","4-Seam Fastball",0,0,"449",24.2,"110","0.288","0.394","0.321",19.4,15.5,12.1,"0.326","0.522","0.377",55.7
"Senga, Kodai",673540,"NYM","FS","Split-Finger",1.9,6,"339",28.9,"110","0.11","0.17","0.191",41.5,42.7,25,"0.134","0.224","0.203",24.5
"Liberatore, Matthew",669461,"STL","SL","Slider",1.3,4,"324",22.2,"108","0.223","0.311","0.247",34.6,33.3,23.8,"0.233","0.362","0.274",41.2
"Lodolo, Nick",666157,"CIN","FF","4-Seam Fastball",-1,-5,"462",28.5,"108","0.235","0.471","0.324",19,25.9,18.1,"0.259","0.511","0.341",42.7
"Berríos, José",621244,"TOR","SV","Slurve",0.7,3,"435",27.3,"108","0.182","0.343","0.262",35.4,28.7,23.1,"0.225","0.394","0.3",33.8
"Mize, Casey",663554,"DET","FS","Split-Finger",-0.9,-3,"348",26.6,"108","0.269","0.413","0.343",29.1,25,19.1,"0.236","0.355","0.27",40.3
"Estrada, Jeremiah",669093,"SD","FF","4-Seam Fastball",0,0,"402",64,"108","0.269","0.441","0.348",26,28.7,22.6,"0.239","0.425","0.326",43.9
"Rasmussen, Drew",656876,"TB","SI","Sinker",1.2,4,"339",25.4,"108","0.202","0.313","0.27",13.4,20.4,21.4,"0.268","0.409","0.324",40.3
"Soroka, Michael",647336,"WSH","FF","4-Seam Fastball",-1.2,-5,"456",43.3,"107","0.286","0.622","0.414",24,22.4,19.4,"0.246","0.458","0.332",50
"Smith, Cade",671922,"CLE","FF","4-Seam Fastball",1.2,5,"440",69.7,"106","0.196","0.337","0.291",33,35.8,35.5,"0.182","0.288","0.263",41.8
"Mize, Casey",663554,"DET","FF","4-Seam Fastball",1.7,7,"429",32.8,"106","0.194","0.327","0.258",20.7,20.8,17.7,"0.23","0.451","0.317",50
"Gore, MacKenzie",669022,"WSH","CU","Curveball",0.6,3,"426",24,"106","0.198","0.302","0.261",40.8,45.3,25.7,"0.186","0.29","0.251",37.5
"Skubal, Tarik",669373,"DET","SI","Sinker",2.3,10,"434",26.3,"105","0.235","0.353","0.267",21.5,20,31.3,"0.242","0.391","0.282",33.3
"López, Pablo",641154,"MIN","FF","4-Seam Fastball",1.5,6,"430",42.7,"105","0.268","0.351","0.311",22.4,19,16.8,"0.295","0.422","0.338",42.9
"Kinley, Tyler",641755,"COL","SL","Slider",0,0,"438",60.2,"105","0.239","0.37","0.312",32.9,21,16.7,"0.247","0.404","0.32",23.6
"Jansen, Kenley",445276,"LAA","FC","Cutter",1.3,6,"421",81.1,"105","0.188","0.333","0.276",24.9,21,21,"0.225","0.462","0.321",48
"Allen, Logan",671106,"CLE","ST","Sweeper",-1.4,-6,"395",26.6,"105","0.213","0.383","0.313",21.2,25.7,17.6,"0.205","0.415","0.303",30.9
"Dobbins, Hunter",690928,"BOS","FF","4-Seam Fastball",-0.5,-2,"367",40.6,"104","0.315","0.457","0.398",12.1,11.5,14.3,"0.288","0.5","0.376",47.5
"King, John",667463,"STL","SI","Sinker",0.2,1,"352",63.1,"104","0.295","0.389","0.35",16.4,10.6,13.6,"0.3","0.411","0.341",44
"Mahle, Tyler",641816,"TEX","FS","Split-Finger",1.1,4,"335",27.1,"104","0.198","0.292","0.251",22.7,19.2,16.9,"0.255","0.395","0.31",28.6
"Povich, Cade",700249,"BAL","FF","4-Seam Fastball",0.1,0,"429",37.2,"104","0.261","0.435","0.339",19.7,26,24.5,"0.325","0.695","0.46",58.2
"Harris, Hogan",663687,"ATH","FF","4-Seam Fastball",-0.8,-3,"377",56.3,"103","0.291","0.407","0.37",20.1,23.3,20.3,"0.272","0.391","0.349",36.5
"Lodolo, Nick",666157,"CIN","SI","Sinker",-0.2,-1,"357",22,"102","0.344","0.467","0.392",16.1,14.7,16.5,"0.327","0.453","0.374",55.3
"Pallante, Andre",669467,"STL","SL","Slider",1.3,5,"397",26.5,"102","0.172","0.269","0.235",34.9,23.5,17.4,"0.235","0.322","0.28",40.6
"Freeland, Kyle",607536,"COL","FF","4-Seam Fastball",-2.4,-8,"354",26.9,"102","0.385","0.626","0.466",13,13.7,16.3,"0.328","0.547","0.395",40.5
"Scott, Tanner",656945,"LAD","FF","4-Seam Fastball",-0.1,0,"362",58.5,"102","0.227","0.495","0.314",23.9,26.5,22.7,"0.257","0.479","0.329",50.7
"Flaherty, Jack",656427,"DET","CU","Curveball",0.5,2,"401",25.7,"102","0.177","0.281","0.226",45.7,48,27.4,"0.155","0.222","0.193",31.9
"Leiter, Jack",683004,"TEX","SL","Slider",0.9,3,"365",28.2,"101","0.223","0.404","0.297",25.6,17.8,15.4,"0.232","0.431","0.309",34.2
"Canning, Griffin",656288,"NYM","CH","Changeup",1.7,5,"311",23.2,"101","0.196","0.239","0.258",22.1,16.8,16.2,"0.256","0.356","0.302",42.7
"Morejon, Adrian",670970,"SD","SI","Sinker",3,10,"317",58,"101","0.191","0.223","0.219",14.6,16.8,20.7,"0.212","0.266","0.232",29.1
"Rasmussen, Drew",656876,"TB","FC","Cutter",1.9,8,"408",30.5,"100","0.172","0.28","0.23",26.8,17,14.9,"0.238","0.389","0.298",43.4
"Ray, Robbie",592662,"SF","SL","Slider",1.3,5,"395",23.1,"100","0.177","0.302","0.236",32.3,28,22.6,"0.225","0.354","0.266",55.9
"Lodolo, Nick",666157,"CIN","CU","Curveball",-1.2,-5,"441",27.2,"100","0.239","0.432","0.327",38.3,37,19.4,"0.161","0.338","0.261",41.5
"Mlodzinski, Carmen",669387,"PIT","FF","4-Seam Fastball",-1.8,-7,"357",37.9,"100","0.326","0.57","0.426",15.6,13,11.8,"0.29","0.493","0.383",50.7
"Patrick, Chad",694477,"MIL","SI","Sinker",1.3,5,"361",22.7,"99","0.225","0.348","0.293",10.8,18.2,18.9,"0.244","0.397","0.316",56.3
"Márquez, Germán",608566,"COL","SI","Sinker",-1.7,-6,"338",23.4,"99","0.398","0.538","0.434",4.1,0,0,"0.357","0.52","0.395",49.5
"Brown, Hunter",686613,"HOU","SI","Sinker",1.5,6,"390",24,"99","0.235","0.306","0.303",19.7,15.2,19,"0.279","0.369","0.34",17.1
"Mikolas, Miles",571945,"STL","SL","Slider",0.5,1,"330",23.6,"99","0.247","0.43","0.311",18.9,12.1,16.7,"0.29","0.51","0.355",43.4
"Kremer, Dean",665152,"BAL","FF","4-Seam Fastball",-0.8,-3,"402",24.5,"98","0.3","0.5","0.371",15.5,16.3,12.6,"0.293","0.531","0.378",54.1
"Eovaldi, Nathan",543135,"TEX","FS","Split-Finger",0.7,2,"344",29.1,"98","0.2","0.3","0.248",36.6,33.7,25,"0.221","0.34","0.271",39.7
"Fedde, Erick",607200,"STL","ST","Sweeper",-0.5,-2,"392",25.4,"98","0.193","0.313","0.296",24.9,16.3,11.9,"0.244","0.448","0.352",32.4
"Hurter, Brant",676428,"DET","SI","Sinker",0.3,1,"361",52.1,"98","0.282","0.359","0.362",12.1,13.3,16.7,"0.303","0.408","0.374",47.1
"Abreu, Bryan",650556,"HOU","SL","Slider",1.2,4,"336",49.1,"98","0.198","0.302","0.293",48.4,40.8,38.5,"0.223","0.375","0.309",45.7
"Doval, Camilo",666808,"SF","SL","Slider",1.7,5,"325",52.9,"98","0.182","0.239","0.246",38.5,31.6,27.9,"0.209","0.304","0.269",35.1
"Kremer, Dean",665152,"BAL","FC","Cutter",0,0,"324",19.8,"98","0.22","0.429","0.313",21.6,19.4,20.2,"0.246","0.46","0.328",30.6
"Gray, Sonny",543243,"STL","SI","Sinker",1.6,5,"300",20.5,"98","0.264","0.429","0.326",15.3,27.6,28.7,"0.254","0.389","0.306",42.2
"Springs, Jeffrey",605488,"ATH","SL","Slider",0.2,1,"408",25.1,"97","0.262","0.476","0.367",22.6,13.4,16.5,"0.301","0.519","0.389",43.1
"Schwellenbach, Spencer",680885,"ATL","SL","Slider",-2,-6,"285",18.1,"97","0.253","0.451","0.321",34.4,28.9,23.5,"0.233","0.358","0.272",40
"Ashcraft, Graham",668933,"CIN","FC","Cutter",-2,-7,"345",58,"97","0.354","0.512","0.423",18.1,12.4,16.9,"0.319","0.498","0.397",34.7
"Williams, Trevor",592866,"WSH","ST","Sweeper",0.3,1,"403",27.8,"96","0.247","0.371","0.284",28.3,25,17.5,"0.214","0.31","0.254",25.4
"Lorenzen, Michael",547179,"KC","FF","4-Seam Fastball",-1.1,-4,"382",23.7,"96","0.261","0.477","0.338",15.9,21.9,18.8,"0.266","0.522","0.362",52.9
"Keller, Mitch",656605,"PIT","ST","Sweeper",1.4,4,"306",18.2,"96","0.185","0.283","0.232",22.6,24,18.9,"0.202","0.381","0.264",42
"Cannon, Jonathan",686563,"CWS","SI","Sinker",-1.6,-4,"277",22.3,"95","0.298","0.488","0.404",5.7,10.5,14.3,"0.31","0.519","0.389",52
"Imanaga, Shota",684007,"CHC","FF","4-Seam Fastball",-1.6,-7,"428",50.4,"95","0.256","0.622","0.407",17.7,9.5,7.8,"0.275","0.631","0.419",41.9
"Sasaki, Roki",808963,"LAD","FF","4-Seam Fastball",0.2,0,"299",50.2,"95","0.253","0.494","0.385",10.1,8.4,14.5,"0.308","0.663","0.457",52.1
"Ragans, Cole",666142,"KC","FF","4-Seam Fastball",0.1,0,"424",48.6,"95","0.247","0.42","0.327",24.1,30.5,21.2,"0.212","0.409","0.308",43.6
"Martin, Davis",663436,"CWS","CH","Changeup",0.1,0,"287",22.9,"95","0.223","0.351","0.289",18.6,14.7,13.5,"0.339","0.461","0.349",53.8
"Martinez, Nick",607259,"CIN","FF","4-Seam Fastball",0,0,"331",21.9,"94","0.256","0.453","0.316",12,13.8,11.8,"0.29","0.51","0.359",39.5
"Martinez, Nick",607259,"CIN","CH","Changeup",-1.6,-5,"317",21,"94","0.222","0.478","0.305",31.7,24.5,19.2,"0.213","0.383","0.267",26.5
"Imanaga, Shota",684007,"CHC","FS","Split-Finger",2.3,7,"300",35.3,"94","0.176","0.242","0.215",30.9,23.4,19.1,"0.223","0.379","0.272",31.9
"King, Bryan",687911,"HOU","FF","4-Seam Fastball",1,4,"365",60.8,"94","0.253","0.379","0.307",25.7,27.7,20.6,"0.247","0.387","0.303",30.6
"Sears, JP",676664,"ATH","ST","Sweeper",2.2,10,"449",28.1,"94","0.182","0.295","0.246",25,23.4,20,"0.179","0.282","0.228",22.7
"Alcantara, Sandy",645261,"MIA","FF","4-Seam Fastball",-1.3,-4,"338",22.6,"94","0.287","0.525","0.375",15.5,25.5,16.3,"0.261","0.488","0.355",64.4
"Blewett, Scott",656240,"BAL","SL","Slider",-1.6,-5,"305",44.1,"93","0.289","0.482","0.373",35,20.4,22.1,"0.257","0.422","0.329",44.6
"Latz, Jacob",656641,"TEX","FF","4-Seam Fastball",1.4,5,"358",49.6,"93","0.19","0.381","0.277",25.1,22.6,17.8,"0.241","0.465","0.329",50
"Dreyer, Jack",676263,"LAD","SL","Slider",1.6,5,"301",43.6,"93","0.2","0.294","0.235",32.3,30.1,24.3,"0.2","0.284","0.237",40
"Romano, Jordan",605447,"PHI","SL","Slider",0.6,2,"325",61.6,"93","0.244","0.395","0.299",30.6,28,24.8,"0.214","0.376","0.279",39.3
"Bassitt, Chris",605135,"TOR","FC","Cutter",0.5,2,"330",19.7,"93","0.191","0.416","0.266",28.5,38.7,24.2,"0.2","0.422","0.28",28.3
"Ortiz, Luis L.",682847,"CLE","SI","Sinker",2.4,7,"298",19.9,"92","0.235","0.271","0.293",13.8,15.2,28,"0.279","0.377","0.315",50.7
"Pfaadt, Brandon",694297,"AZ","SI","Sinker",1.1,3,"296",18.9,"92","0.284","0.42","0.324",10.3,19.6,22.8,"0.322","0.495","0.362",63.4
"Vargas, Carlos",672841,"SEA","SI","Sinker",1.5,6,"376",58.8,"92","0.272","0.272","0.301",13.8,9.8,18,"0.258","0.31","0.299",34.2
"Vasil, Mike",678024,"CWS","SI","Sinker",2.2,7,"332",35.6,"92","0.207","0.256","0.271",13.9,14.1,23.6,"0.219","0.305","0.277",33.3
"Soroka, Michael",647336,"WSH","SV","Slurve",1.9,7,"374",35.5,"92","0.133","0.253","0.215",35.9,43.5,30.5,"0.144","0.214","0.207",25.6
"Smith-Shawver, AJ",700363,"ATL","FF","4-Seam Fastball",0.3,1,"331",46.6,"92","0.278","0.392","0.359",17,8.7,13.8,"0.404","0.672","0.49",63.9
"Irvin, Jake",663623,"WSH","SI","Sinker",1.3,4,"321",19.2,"92","0.286","0.321","0.327",9.9,10.9,22.2,"0.268","0.4","0.321",41.9
"Ortiz, Luis L.",682847,"CLE","SL","Slider",-0.7,-3,"389",25.9,"92","0.205","0.398","0.304",39.5,31.5,19.1,"0.221","0.453","0.317",47.3
"Pagán, Emilio",641941,"CIN","FF","4-Seam Fastball",1.5,5,"350",62.6,"91","0.148","0.333","0.265",25.4,25.3,21.7,"0.194","0.456","0.318",50
"Johnson, Pierce",572955,"ATL","CU","Curveball",-0.1,0,"373",69.7,"91","0.253","0.414","0.296",26.9,24.2,17.3,"0.213","0.384","0.271",37.9
"Bubic, Kris",663460,"KC","ST","Sweeper",1.8,6,"333",21.1,"91","0.182","0.273","0.223",27.5,31.9,26.6,"0.185","0.236","0.198",28.8
"Pivetta, Nick",601713,"SD","CU","Curveball",0.2,1,"329",22.1,"91","0.256","0.407","0.303",18.6,23.1,19.1,"0.31","0.527","0.37",36.4
"Skenes, Paul",694973,"PIT","FS","Split-Finger",-0.1,0,"335",18.4,"91","0.268","0.402","0.354",24.7,14.3,20.3,"0.281","0.42","0.34",46.4
"Luzardo, Jesús",666200,"PHI","ST","Sweeper",1.5,7,"444",26.4,"90","0.205","0.313","0.26",44.2,45.6,31.1,"0.156","0.233","0.209",31
"Suárez, Ranger",624133,"PHI","CH","Changeup",2.1,6,"264",23.5,"90","0.174","0.209","0.203",37.7,28.9,23.9,"0.189","0.265","0.218",16.7
"Montgomery, Mason",682254,"TB","FF","4-Seam Fastball",-2.4,-9,"358",62.3,"90","0.324","0.5","0.444",29.1,24.4,21.4,"0.277","0.454","0.4",52.1
"Eovaldi, Nathan",543135,"TEX","FF","4-Seam Fastball",1.4,5,"337",28.5,"90","0.253","0.386","0.296",12.2,13.3,11.5,"0.312","0.516","0.376",46.6
"Uribe, Abner",682842,"MIL","SL","Slider",1.4,5,"332",48.8,"90","0.16","0.222","0.22",48.3,47.8,30.7,"0.148","0.184","0.199",18.4
"Little, Brendon",663893,"TOR","CU","Curveball",1.4,5,"359",47.5,"90","0.169","0.193","0.212",54.5,53.3,27.7,"0.137","0.194","0.186",45.7
"Verlander, Justin",434378,"SF","SL","Slider",-0.5,-2,"288",24.5,"90","0.253","0.41","0.318",31.5,27.8,18.8,"0.204","0.365","0.269",39
"Bubic, Kris",663460,"KC","CH","Changeup",1.4,5,"331",20.9,"90","0.152","0.203","0.237",39.1,27.8,22.3,"0.183","0.261","0.254",43.6
"Wheeler, Zack",554430,"PHI","SI","Sinker",0.1,0,"310",17.2,"89","0.247","0.435","0.333",15.3,22.5,23.8,"0.237","0.375","0.282",26.2
"Morton, Charlie",450203,"BAL","FF","4-Seam Fastball",-1.8,-7,"424",30.4,"89","0.247","0.534","0.382",26.8,27,17,"0.186","0.434","0.326",41.2
"Allen, Logan",671106,"CLE","FF","4-Seam Fastball",-0.8,-4,"429",28.9,"89","0.301","0.493","0.399",21.9,19.1,14.8,"0.246","0.396","0.348",41.4
"Mikolas, Miles",571945,"STL","FF","4-Seam Fastball",-1.5,-6,"402",28.8,"89","0.349","0.699","0.459",18,10.1,8.2,"0.317","0.776","0.472",52.7
"Houser, Adrian",605288,"CWS","SI","Sinker",3,10,"318",42.9,"89","0.202","0.286","0.242",10.2,11.2,16.1,"0.27","0.372","0.3",48.6
"Palencia, Daniel",694037,"CHC","FF","4-Seam Fastball",1.6,6,"364",73.4,"88","0.167","0.282","0.252",23.1,26.1,21.5,"0.23","0.37","0.298",48.2
"Berríos, José",621244,"TOR","CH","Changeup",0.3,1,"264",16.5,"88","0.225","0.375","0.297",35.1,30.7,24.3,"0.236","0.472","0.333",37.7
"Vásquez, Randy",681190,"SD","SI","Sinker",3.2,8,"263",17.9,"88","0.177","0.215","0.227",3.1,5.7,10,"0.299","0.521","0.384",45.9
"Senga, Kodai",673540,"NYM","FF","4-Seam Fastball",0,0,"361",30.7,"88","0.275","0.512","0.376",19.6,18.2,16.5,"0.282","0.501","0.365",51.6
"Casparius, Ben",676508,"LAD","ST","Sweeper",0.4,1,"297",31.4,"88","0.235","0.341","0.27",28.3,30.7,19.9,"0.234","0.385","0.273",30.5
"Soriano, José",667755,"LAA","CU","Curveball",0.6,3,"450",26.6,"88","0.195","0.26","0.282",42.6,34.1,22.9,"0.183","0.294","0.266",17
"Vest, Will",676684,"DET","FF","4-Seam Fastball",1.6,6,"385",57.5,"88","0.175","0.275","0.231",25.3,31.8,19.6,"0.211","0.352","0.278",52.8
"Hernández, Carlos",672578,"DET","FF","4-Seam Fastball",-0.6,-2,"322",55.7,"88","0.324","0.423","0.387",18,13.6,14.6,"0.307","0.512","0.408",49.2
"Flaherty, Jack",656427,"DET","SL","Slider",-0.8,-3,"356",22.8,"87","0.227","0.44","0.349",31.6,21.8,18.4,"0.282","0.505","0.384",51.8
"Lauer, Eric",641778,"TOR","FF","4-Seam Fastball",1.2,5,"370",45.9,"87","0.188","0.325","0.249",22,28.7,18.9,"0.185","0.325","0.255",40
"Fluharty, Mason",689254,"TOR","FC","Cutter",0.7,2,"334",59.6,"87","0.192","0.274","0.29",26.8,27.6,26.1,"0.231","0.348","0.313",39.2
"Estévez, Carlos",608032,"KC","FF","4-Seam Fastball",2,6,"313",53.1,"87","0.182","0.286","0.259",18.4,28.7,24,"0.215","0.439","0.323",42.3
"Luzardo, Jesús",666200,"PHI","CH","Changeup",-0.5,-2,"322",19.2,"87","0.282","0.359","0.335",36.7,18.4,15.2,"0.259","0.333","0.303",27.4
"Martin, Davis",663436,"CWS","FC","Cutter",-1.2,-4,"326",26,"86","0.247","0.494","0.359",24.8,17.4,19.7,"0.263","0.536","0.367",36.5
"Bradley, Taj",671737,"TB","FS","Split-Finger",-0.4,-1,"279",17.9,"86","0.231","0.359","0.292",25.5,20.9,18.9,"0.21","0.332","0.253",34.9
"Miller, Shelby",571946,"AZ","FF","4-Seam Fastball",1.9,7,"353",65,"86","0.237","0.263","0.253",27.1,25.6,23.4,"0.237","0.36","0.288",40.4
"Green, Chad",643338,"TOR","FF","4-Seam Fastball",-1.1,-3,"304",51.1,"86","0.278","0.519","0.361",24.1,22.1,20.7,"0.267","0.552","0.372",60
"Fried, Max",608331,"NYY","SI","Sinker",0.4,1,"313",17,"86","0.247","0.364","0.354",21.8,15.1,21,"0.26","0.4","0.328",53.1
"Kolek, Stephen",663568,"SD","SI","Sinker",0.4,1,"237",22.5,"86","0.289","0.289","0.33",10.2,9.3,15.1,"0.275","0.36","0.325",52.9
"Kelly, Merrill",518876,"AZ","FF","4-Seam Fastball",-0.8,-3,"421",25.7,"86","0.25","0.637","0.388",24,24.4,20,"0.232","0.552","0.353",55.9
"Orze, Eric",679358,"TB","FS","Split-Finger",1.1,3,"281",47.8,"85","0.222","0.309","0.255",30.7,29.4,22.7,"0.2","0.284","0.232",28.6
"Hader, Josh",623352,"HOU","SI","Sinker",1.3,4,"342",55.3,"85","0.158","0.408","0.274",31.1,32.9,24.8,"0.159","0.357","0.261",34.7
"Lorenzen, Michael",547179,"KC","CH","Changeup",-0.3,-1,"293",18.2,"85","0.216","0.378","0.311",39.4,24.7,19.4,"0.175","0.3","0.266",24.5
"Houck, Tanner",656557,"BOS","SI","Sinker",-0.1,0,"298",39.8,"85","0.253","0.533","0.376",15.3,11.8,19.2,"0.278","0.55","0.386",47
"Parker, Mitchell",680730,"WSH","CU","Curveball",-0.5,-2,"354",22.6,"85","0.259","0.432","0.325",29.9,22.4,17.4,"0.293","0.456","0.339",41.9
"Cruz, Fernando",518585,"NYY","FS","Split-Finger",2.2,7,"317",59.3,"85","0.138","0.225","0.198",60.2,56.5,37.8,"0.119","0.194","0.167",37.5
"Bibee, Tanner",676440,"CLE","SI","Sinker",-0.5,-1,"267",16.3,"85","0.289","0.408","0.349",9.6,21.2,23.7,"0.225","0.329","0.288",37.9
"Koenig, Jared",657649,"MIL","SI","Sinker",0.8,2,"333",56.2,"85","0.257","0.338","0.315",19.4,23.5,18.9,"0.21","0.307","0.271",35.7
"Stanek, Ryne",592773,"NYM","FF","4-Seam Fastball",0.1,0,"343",58.7,"85","0.267","0.387","0.342",23.9,23.5,16.7,"0.257","0.442","0.344",43.6
"Pfaadt, Brandon",694297,"AZ","ST","Sweeper",-1.2,-4,"327",20.8,"84","0.25","0.461","0.349",33.5,33.3,21.1,"0.228","0.386","0.302",37.5
"Brazobán, Huascar",623211,"NYM","CH","Changeup",-1.4,-4,"275",38,"84","0.239","0.437","0.346",33.1,29.8,20.5,"0.224","0.391","0.326",44.7
"Suarez, Robert",663158,"SD","FF","4-Seam Fastball",1.7,6,"368",60.8,"84","0.192","0.233","0.249",20.7,26.2,19.6,"0.252","0.439","0.342",50
"Finnegan, Kyle",640448,"WSH","FF","4-Seam Fastball",1.5,5,"330",66.1,"84","0.189","0.338","0.285",17.4,19,16.3,"0.24","0.424","0.328",40
"Spence, Mitch",687765,"ATH","SL","Slider",-0.6,-2,"325",29.2,"83","0.24","0.48","0.341",34.1,25.3,20.6,"0.263","0.503","0.359",35.2
"Lee, Dylan",669276,"ATL","SL","Slider",3.2,11,"350",57.3,"83","0.077","0.205","0.162",41.5,33.7,24.1,"0.142","0.262","0.203",26
"Senzatela, Antonio",622608,"COL","SL","Slider",-1.6,-5,"339",21.7,"83","0.329","0.566","0.385",26.3,15.7,14,"0.299","0.533","0.357",38.8
"Wentz, Joey",666214,"MIN","FF","4-Seam Fastball",-2.1,-6,"301",47.6,"83","0.292","0.431","0.41",17.1,12,10.4,"0.309","0.502","0.422",48.2
"Martinez, Nick",607259,"CIN","FC","Cutter",-0.4,-1,"301",19.9,"83","0.284","0.554","0.396",21,15.7,27.7,"0.305","0.545","0.398",45.9
"Eisert, Brandon",685126,"CWS","SL","Slider",-2.6,-7,"254",39.9,"83","0.303","0.579","0.39",28.9,21.7,24.3,"0.272","0.523","0.363",42.4
"Miller, Bryce",682243,"SEA","FF","4-Seam Fastball",-0.6,-2,"346",39.7,"83","0.25","0.542","0.38",18.7,12,10.8,"0.266","0.499","0.369",39.7
"Littell, Zack",641793,"TB","FF","4-Seam Fastball",1.4,5,"362",23.2,"83","0.188","0.412","0.267",21.1,20.5,18.3,"0.241","0.515","0.331",38.1
"Strider, Spencer",675911,"ATL","SL","Slider",0.4,1,"333",36.7,"83","0.167","0.306","0.258",53.7,47,30,"0.184","0.31","0.267",38.2
"Bido, Osvaldo",674370,"ATH","FF","4-Seam Fastball",-2.4,-8,"323",37.5,"83","0.333","0.576","0.426",22.2,14.5,12.5,"0.303","0.582","0.43",54.4
"Ginn, J.T.",669372,"ATH","SI","Sinker",0.3,1,"305",57.1,"83","0.28","0.44","0.358",16.4,22.9,20.7,"0.269","0.432","0.338",50
"Vesia, Alex",681911,"LAD","FF","4-Seam Fastball",1.5,5,"338",55.6,"83","0.162","0.351","0.259",26.9,36.1,24.2,"0.177","0.413","0.287",44.4
"Megill, Trevor",656730,"MIL","FF","4-Seam Fastball",0.6,2,"329",62.1,"83","0.254","0.352","0.32",16.4,20.5,17,"0.289","0.505","0.379",35.7
"Patrick, Chad",694477,"MIL","FF","4-Seam Fastball",0.3,1,"353",22.2,"82","0.263","0.368","0.316",24.7,31.7,17.8,"0.234","0.372","0.29",40
"Beeks, Jalen",656222,"AZ","FF","4-Seam Fastball",-1,-3,"313",47.4,"82","0.319","0.528","0.415",21.3,18.3,19,"0.289","0.498","0.38",49.1
"Martin, Davis",663436,"CWS","FF","4-Seam Fastball",1.2,5,"382",30.5,"82","0.162","0.311","0.259",25,24.4,16,"0.223","0.417","0.312",40.7
"Akin, Keegan",669211,"BAL","FF","4-Seam Fastball",-1.5,-5,"344",52,"82","0.338","0.559","0.438",21.5,19.5,13.8,"0.288","0.503","0.397",55.8
"Heaney, Andrew",571760,"PIT","CH","Changeup",-0.3,-1,"259",17.5,"82","0.195","0.351","0.249",19.5,12.2,15.2,"0.269","0.411","0.302",30.4
"Suárez, Ranger",624133,"PHI","SI","Sinker",0.8,2,"309",27.5,"82","0.289","0.368","0.319",4.3,23.2,23.5,"0.24","0.324","0.277",40.4
"Suter, Brent",608718,"CIN","FF","4-Seam Fastball",1.1,3,"307",43.4,"82","0.27","0.446","0.352",15.1,9.8,9.3,"0.266","0.452","0.34",38.8
"Kershaw, Clayton",477132,"LAD","SL","Slider",-0.6,-2,"285",41.6,"82","0.311","0.541","0.391",29.9,18.3,18.3,"0.295","0.489","0.365",56.7
"Chivilli, Angel",683409,"COL","FF","4-Seam Fastball",-1.9,-5,"280",47,"81","0.319","0.522","0.422",13.6,6.2,10.9,"0.353","0.56","0.438",50
"Rodríguez, Randy",678495,"SF","SL","Slider",2.6,7,"269",45.8,"81","0.169","0.247","0.217",35.3,35.8,30.9,"0.195","0.314","0.241",37.5
"Fairbanks, Pete",664126,"TB","FF","4-Seam Fastball",1.3,4,"314",54.1,"81","0.211","0.268","0.308",21.7,14.8,14.6,"0.263","0.348","0.319",54.2
"Knack, Landon",689017,"LAD","FF","4-Seam Fastball",-1.1,-4,"342",47.6,"81","0.294","0.632","0.438",14.9,16,13.7,"0.298","0.65","0.445",52.7
"Bird, Jake",656234,"COL","SI","Sinker",-0.3,-1,"272",34.7,"81","0.309","0.412","0.368",18.7,9.9,14,"0.315","0.448","0.394",49.2
"Cabrera, Edward",665795,"MIA","CH","Changeup",-0.6,-2,"306",24.1,"81","0.26","0.338","0.305",24.8,25.9,20.8,"0.263","0.361","0.29",44.6
"Okert, Steven",595345,"HOU","SL","Slider",3.1,9,"292",55,"81","0.133","0.253","0.171",42,39.5,33,"0.164","0.303","0.21",31.9
"Lopez, Jacob",682052,"ATH","SL","Slider",1,3,"289",31.2,"81","0.216","0.324","0.274",34.3,30.9,20.3,"0.188","0.261","0.237",24.5
"Williams, Gavin",668909,"CLE","ST","Sweeper",0.4,1,"359",21.4,"81","0.197","0.263","0.244",44.2,43.2,24,"0.172","0.284","0.234",31.7
"Detmers, Reid",672282,"LAA","FF","4-Seam Fastball",1.3,4,"317",46,"81","0.25","0.306","0.295",32.1,35.8,28.2,"0.222","0.311","0.282",37.2
"Leasure, Jordan",673929,"CWS","FF","4-Seam Fastball",-2.6,-9,"326",54.8,"81","0.284","0.597","0.417",22.7,24.7,19,"0.257","0.493","0.374",45.8
"Warren, Will",701542,"NYY","SI","Sinker",0.8,3,"307",20.4,"80","0.278","0.375","0.33",12.4,22.5,37.5,"0.276","0.392","0.329",57.4
"Greene, Hunter",668881,"CIN","SL","Slider",1.3,4,"325",33.2,"80","0.123","0.301","0.23",48.8,41.3,25,"0.147","0.284","0.235",27.5
"Ober, Bailey",641927,"MIN","SL","Slider",-2.4,-6,"252",17,"80","0.319","0.556","0.428",24.1,13.8,16.2,"0.302","0.523","0.385",49.2
"Henry, Cole",669371,"WSH","FF","4-Seam Fastball",1,3,"273",51.2,"80","0.209","0.358","0.317",32.8,28.7,25.6,"0.2","0.38","0.32",31.8
"Quantrill, Cal",615698,"MIA","FC","Cutter",1.6,5,"288",21.2,"80","0.26","0.438","0.333",21.5,26.3,25.6,"0.288","0.549","0.384",57.7
"Bradley, Taj",671737,"TB","FC","Cutter",0.9,3,"319",20.5,"80","0.243","0.351","0.283",31,17.5,19.7,"0.263","0.447","0.323",37.7
"Canning, Griffin",656288,"NYM","FF","4-Seam Fastball",-0.4,-2,"463",34.5,"80","0.246","0.449","0.347",20,27.5,18,"0.248","0.537","0.375",54.2
"Wilson, Steven",621051,"CWS","ST","Sweeper",2.3,7,"299",61.1,"80","0.159","0.246","0.221",30.1,18.8,17,"0.247","0.416","0.324",35.1
"Mejia, Juan",675848,"COL","FF","4-Seam Fastball",1,3,"315",60.5,"80","0.211","0.324","0.295",28.8,25,23,"0.208","0.292","0.267",30.8
"Bazardo, Eduard",660825,"SEA","SL","Slider",1.9,7,"354",47.6,"80","0.16","0.24","0.197",17.8,15,11.7,"0.234","0.36","0.277",26.6
"Keller, Mitch",656605,"PIT","SL","Slider",0.2,1,"276",16.5,"80","0.297","0.378","0.326",27.9,17.5,16.3,"0.281","0.377","0.315",41.7
"Cecconi, Slade",677944,"CLE","FF","4-Seam Fastball",-0.6,-2,"312",40.6,"80","0.32","0.533","0.386",15.8,16.3,16,"0.353","0.649","0.441",64.5
"Peralta, Freddy",642547,"MIL","CH","Changeup",1.9,7,"346",20.3,"80","0.181","0.194","0.223",32.5,22.5,19.8,"0.19","0.243","0.24",30.9
"Smith, Shane",681343,"CWS","CH","Changeup",0.7,2,"285",20.3,"80","0.159","0.232","0.253",32.4,21.3,16.5,"0.245","0.336","0.311",53.8
"Sterner, Justin",686993,"ATH","FF","4-Seam Fastball",-0.2,-1,"300",53.7,"79","0.238","0.444","0.355",25.7,20.3,16.7,"0.219","0.434","0.345",44.9
"Thompson, Ryan",657044,"AZ","SI","Sinker",-1.2,-3,"264",50.5,"79","0.389","0.486","0.423",19.1,11.4,15.5,"0.304","0.427","0.348",50.8
"Pomeranz, Drew",519141,"CHC","FF","4-Seam Fastball",2.4,7,"286",78.6,"79","0.188","0.203","0.232",18.7,25.3,23.5,"0.255","0.422","0.34",48
"Bibee, Tanner",676440,"CLE","ST","Sweeper",1.7,5,"327",19.9,"79","0.164","0.274","0.232",32.9,27.8,17.5,"0.202","0.313","0.251",32.7
"Peterson, David",656849,"NYM","FF","4-Seam Fastball",-1.8,-7,"369",23.1,"79","0.333","0.565","0.42",21.4,17.7,12.6,"0.354","0.621","0.446",50
"Alcantara, Sandy",645261,"MIA","CH","Changeup",-1.8,-6,"319",21.4,"78","0.275","0.435","0.362",29.8,16.7,13.8,"0.244","0.349","0.306",25
"Cabrera, Edward",665795,"MIA","SI","Sinker",0.3,1,"294",23.1,"78","0.294","0.471","0.369",8.7,3.8,7.7,"0.311","0.523","0.399",43.1
"Uribe, Abner",682842,"MIL","SI","Sinker",0.4,1,"332",48.8,"78","0.273","0.394","0.353",20.8,16.7,22.8,"0.298","0.444","0.371",50.9
"Kremer, Dean",665152,"BAL","SI","Sinker",1.3,4,"298",18.2,"78","0.275","0.391","0.337",11.4,17.9,19.4,"0.289","0.463","0.365",38.2
"Gaddis, Hunter",683769,"CLE","SL","Slider",1.6,5,"315",52.8,"78","0.225","0.282","0.251",33.5,28.2,20.2,"0.239","0.332","0.286",35.3
"Jobe, Jackson",695549,"DET","SL","Slider",0.2,0,"268",30.6,"78","0.232","0.348","0.297",26.4,19.2,16.1,"0.211","0.401","0.304",38.2
"Walker, Ryan",676254,"SF","SI","Sinker",0.4,1,"327",59.8,"78","0.286","0.357","0.324",10.3,21.8,21,"0.261","0.358","0.306",33.3
"Valdez, Framber",664285,"HOU","CH","Changeup",-0.4,-1,"309",18.4,"78","0.216","0.419","0.313",29.1,24.4,22.1,"0.209","0.38","0.273",47.3
"Smith-Shawver, AJ",700363,"ATL","FS","Split-Finger",2,5,"242",34,"77","0.143","0.171","0.19",39.7,42.9,25.8,"0.173","0.276","0.238",27
"Legumina, Casey",668984,"SEA","FF","4-Seam Fastball",-0.3,-1,"313",57,"77","0.238","0.429","0.355",28.6,24.7,18.4,"0.257","0.409","0.355",46.7
"Allen, Logan",671106,"CLE","CH","Changeup",0.1,0,"252",17,"77","0.253","0.32","0.264",20.9,18.2,13,"0.264","0.413","0.3",34.4
"Sugano, Tomoyuki",608372,"BAL","ST","Sweeper",0.1,0,"273",18.5,"77","0.263","0.408","0.294",19.3,9.1,7.7,"0.266","0.389","0.286",36.2
"Mears, Nick",683232,"MIL","FF","4-Seam Fastball",0.3,1,"300",57.3,"77","0.26","0.411","0.316",11.8,13,9.5,"0.327","0.558","0.388",50
"Burrows, Mike",681347,"PIT","FF","4-Seam Fastball",-0.7,-2,"275",42.8,"77","0.333","0.58","0.403",15.6,14.3,19.6,"0.277","0.506","0.353",45
"Abbott, Andrew",671096,"CIN","CH","Changeup",1.5,4,"282",20.8,"77","0.178","0.288","0.249",25.2,16.9,15.3,"0.235","0.412","0.297",18.3
"Dreyer, Jack",676263,"LAD","FF","4-Seam Fastball",1.9,6,"304",44,"76","0.206","0.302","0.287",19,17.1,17.1,"0.183","0.264","0.268",40.4
"Weaver, Luke",596133,"NYY","FF","4-Seam Fastball",0.9,3,"282",59.2,"76","0.171","0.4","0.265",25.9,27.6,26.3,"0.207","0.48","0.316",52
"Cannon, Jonathan",686563,"CWS","FC","Cutter",-0.1,0,"321",25.9,"76","0.277","0.477","0.376",24.1,17.1,26,"0.297","0.504","0.393",48.1
"Kremer, Dean",665152,"BAL","FS","Split-Finger",-1.3,-4,"312",19,"76","0.284","0.446","0.324",32.7,28.9,17.6,"0.235","0.359","0.265",28.8
"Gray, Sonny",543243,"STL","FF","4-Seam Fastball",0.7,2,"307",21,"76","0.328","0.433","0.376",19.9,3.9,9.7,"0.392","0.577","0.45",42.2
"Lugo, Seth",607625,"KC","FF","4-Seam Fastball",0,0,"328",21.9,"75","0.209","0.478","0.326",15,16,12.4,"0.263","0.562","0.379",51.8
"Corbin, Patrick",571578,"TEX","FC","Cutter",1.2,4,"296",21,"75","0.206","0.426","0.306",19.2,10.7,16.7,"0.25","0.449","0.333",26.7
"Kerkering, Orion",689147,"PHI","ST","Sweeper",0.4,1,"309",52.6,"75","0.229","0.343","0.284",24.6,17.3,14.8,"0.243","0.367","0.282",25.9
"Casparius, Ben",676508,"LAD","FF","4-Seam Fastball",-0.8,-3,"315",33.3,"75","0.29","0.58","0.383",33.1,24,20.2,"0.289","0.598","0.389",46.2
"Anderson, Tyler",542881,"LAA","FC","Cutter",-0.1,0,"367",22,"75","0.275","0.406","0.307",17.3,8,6.7,"0.291","0.397","0.314",29.2
"Whitlock, Garrett",676477,"BOS","SI","Sinker",0.4,2,"358",47.1,"75","0.258","0.355","0.332",30.6,26.7,18.3,"0.232","0.416","0.338",48.8
"Williams, Gavin",668909,"CLE","CU","Curveball",-0.7,-2,"340",20.3,"75","0.161","0.306","0.3",31.7,30.7,14.8,"0.23","0.379","0.328",30
"Gordon, Colton",676467,"HOU","FF","4-Seam Fastball",-0.6,-2,"292",38.3,"74","0.271","0.543","0.352",15,21.6,18.6,"0.281","0.472","0.333",49.1
"Keller, Brad",641745,"CHC","FF","4-Seam Fastball",1.6,5,"300",43.9,"74","0.234","0.313","0.301",17.7,21.6,21.3,"0.23","0.381","0.319",37.5
"Baker, Bryan",641329,"BAL","FF","4-Seam Fastball",0.4,1,"301",51.2,"74","0.224","0.418","0.324",30.9,35.1,27.1,"0.254","0.544","0.368",61
"Warren, Will",701542,"NYY","ST","Sweeper",-0.9,-3,"326",21.7,"74","0.323","0.523","0.394",33.9,27,19,"0.256","0.422","0.329",39.1
"Williams, Devin",642207,"NYY","CH","Changeup",1.8,6,"310",53.2,"74","0.191","0.265","0.236",35.6,27,20,"0.239","0.365","0.303",32
"Rodón, Carlos",607074,"NYY","CH","Changeup",0.3,1,"278",15.2,"74","0.229","0.329","0.261",38,25.7,21.1,"0.245","0.368","0.283",38.5
"Bautista, Félix",642585,"BAL","SI","Sinker",0.3,1,"345",61.9,"74","0.161","0.357","0.334",26.6,27,24.7,"0.172","0.357","0.338",58.3
"Francis, Bowden",670102,"TOR","FS","Split-Finger",-2.5,-6,"256",22.4,"74","0.242","0.548","0.38",36.8,31.1,20.9,"0.262","0.533","0.385",47.5
"Miller, Mason",695243,"ATH","FF","4-Seam Fastball",-0.7,-2,"281",54.7,"73","0.22","0.542","0.387",34,34.2,28.7,"0.213","0.454","0.362",58.3
"Palmquist, Carson",687223,"COL","FF","4-Seam Fastball",-1.9,-5,"239",40.4,"73","0.344","0.705","0.454",12.7,16.4,24,"0.322","0.676","0.445",50
"Webb, Jacob",657097,"TEX","FF","4-Seam Fastball",0.2,0,"271",44.1,"73","0.242","0.403","0.352",22.7,20.5,18.1,"0.238","0.378","0.323",39.6
"Peralta, Wandy",593974,"SD","SI","Sinker",-0.1,0,"247",40.6,"73","0.279","0.344","0.36",16.7,17.8,22.8,"0.303","0.464","0.381",42.9
"Rodriguez, Eduardo",593958,"AZ","CH","Changeup",-2.8,-7,"255",19.2,"73","0.362","0.551","0.404",27.7,12.3,16.7,"0.314","0.472","0.346",24.2
"Lugo, Seth",607625,"KC","CU","Curveball",0.3,1,"342",22.8,"73","0.265","0.309","0.284",23.6,23.3,14.8,"0.288","0.351","0.306",51
"Sousa, Bennett",656986,"HOU","SL","Slider",1.6,4,"251",54.2,"73","0.159","0.304","0.223",52.8,47.9,40.2,"0.134","0.298","0.209",44.1
"Fried, Max",608331,"NYY","CU","Curveball",0,0,"308",16.8,"73","0.211","0.324","0.244",39.5,43.8,24.2,"0.187","0.318","0.228",30.8
"Cannon, Jonathan",686563,"CWS","CH","Changeup",-0.6,-2,"266",21.5,"73","0.235","0.382","0.306",26.4,24.7,15.9,"0.241","0.384","0.297",38
"Keller, Mitch",656605,"PIT","SI","Sinker",0.7,2,"260",15.5,"73","0.279","0.426","0.322",12.1,17.8,22,"0.261","0.367","0.291",50
"Birdsong, Hayden",806185,"SF","SL","Slider",-0.7,-2,"291",24.9,"72","0.318","0.455","0.387",29.7,16.7,19,"0.25","0.418","0.314",38.2
"Little, Brendon",663893,"TOR","SI","Sinker",0.4,1,"352",46.6,"72","0.214","0.339","0.365",37.1,13.9,23.8,"0.265","0.425","0.384",47.8
"Castillo, Luis",622491,"SEA","SL","Slider",-0.9,-3,"359",20.9,"72","0.265","0.456","0.332",36.9,30.6,17.7,"0.283","0.478","0.344",42.6
"Gilbert, Logan",669302,"SEA","SL","Slider",0.7,2,"305",35.8,"72","0.246","0.478","0.317",36.6,25,20.5,"0.268","0.479","0.326",34.6
"Santana, Dennis",642701,"PIT","SL","Slider",2.9,7,"252",47.3,"72","0.132","0.147","0.169",33.8,26.4,17.9,"0.159","0.243","0.2",20.4
"Berríos, José",621244,"TOR","FF","4-Seam Fastball",-0.9,-3,"310",19.4,"72","0.306","0.452","0.4",16.5,15.3,13.8,"0.27","0.474","0.364",46.2
"Adam, Jason",592094,"SD","CH","Changeup",1.3,3,"249",34,"72","0.18","0.246","0.267",35.9,27.8,22.2,"0.179","0.303","0.271",38.1
"Woods Richardson, Simeon",680573,"MIN","SL","Slider",0,0,"311",28.6,"72","0.242","0.424","0.309",24.2,22.2,13.9,"0.221","0.39","0.285",35.3
"Taillon, Jameson",592791,"CHC","ST","Sweeper",-4.1,-10,"238",15.9,"72","0.304","0.652","0.421",32.3,22.2,14.7,"0.224","0.415","0.283",22.2
"Holmes, Grant",656550,"ATL","CU","Curveball",0.1,0,"259",15.3,"71","0.169","0.237","0.256",37.3,39.4,23.7,"0.146","0.19","0.243",25
"Olson, Reese",681857,"DET","SI","Sinker",-0.3,-1,"262",29.4,"71","0.298","0.351","0.381",3.1,7,10.9,"0.3","0.474","0.403",46.2
"Muñoz, Andrés",662253,"SEA","SL","Slider",3.7,10,"270",49.5,"71","0.075","0.075","0.107",52.2,46.5,31.4,"0.147","0.219","0.179",25.7
"Weissert, Greg",669711,"BOS","FF","4-Seam Fastball",1.9,5,"233",35.6,"71","0.156","0.328","0.252",24.1,23.9,20,"0.18","0.397","0.286",42.6
"Megill, Tylor",656731,"NYM","SL","Slider",-0.9,-3,"297",24.1,"71","0.242","0.29","0.299",45.5,35.2,22.5,"0.202","0.289","0.285",37.8
"Blanco, Ronel",669854,"HOU","SL","Slider",2.5,6,"250",31.5,"71","0.179","0.269","0.221",42.4,35.2,25.3,"0.187","0.302","0.237",28.6
"Montero, Keider",672456,"DET","FF","4-Seam Fastball",-0.8,-2,"264",29.8,"71","0.297","0.422","0.351",16.4,19.7,19.4,"0.27","0.429","0.337",30
"Megill, Tylor",656731,"NYM","SI","Sinker",-1.3,-3,"242",19.6,"71","0.267","0.4","0.381",16.1,15.5,19.3,"0.259","0.441","0.346",47.1
"Peralta, Wandy",593974,"SD","CH","Changeup",1,2,"225",36.9,"70","0.197","0.288","0.244",35.3,21.4,19.5,"0.23","0.377","0.277",30.8
"Boyd, Matthew",571510,"CHC","SL","Slider",-0.3,-1,"260",16.2,"70","0.194","0.258","0.268",34.4,35.7,19.4,"0.222","0.275","0.271",27
"Bummer, Aaron",607481,"ATL","CU","Curveball",1.6,4,"230",36.7,"70","0.154","0.262","0.227",34.2,34.3,24.7,"0.208","0.315","0.258",31.7
"Lopez, Jacob",682052,"ATH","FF","4-Seam Fastball",-1,-3,"345",37.2,"70","0.255","0.491","0.393",29.6,35.7,23.1,"0.21","0.458","0.364",38.7
"Dollander, Chase",801403,"COL","CU","Curveball",1.4,4,"275",22.2,"70","0.152","0.212","0.189",30.7,28.6,18,"0.189","0.321","0.244",26.1
"Harrison, Kyle",690986,"SF","FF","4-Seam Fastball",1.9,5,"253",65.2,"70","0.175","0.317","0.258",27.5,31.4,22.2,"0.213","0.393","0.3",43.9
"Newcomb, Sean",656794,"ATH","FF","4-Seam Fastball",1,3,"308",28.4,"70","0.25","0.328","0.304",23.5,34.3,27,"0.243","0.388","0.306",42.5
"Kikuchi, Yusei",579328,"LAA","CH","Changeup",-0.2,0,"231",13.4,"70","0.232","0.319","0.246",26.5,28.6,20.6,"0.24","0.395","0.277",40.8
"Hancock, Emerson",676106,"SEA","FF","4-Seam Fastball",0.8,3,"332",26.6,"70","0.203","0.391","0.283",24.2,22.9,13.7,"0.267","0.498","0.351",42.9
"Giolito, Lucas",608337,"BOS","CH","Changeup",-1.3,-3,"251",23.9,"70","0.2","0.477","0.314",20,18.6,16.3,"0.242","0.508","0.339",35.8
"Houck, Tanner",656557,"BOS","ST","Sweeper",-1.9,-5,"265",35.4,"70","0.305","0.492","0.401",32.4,22.9,18.4,"0.28","0.427","0.365",38.6
"Zerpa, Angel",672582,"KC","SI","Sinker",0.8,2,"279",43.9,"70","0.295","0.426","0.367",9.7,18.6,15.5,"0.239","0.343","0.309",45.8
"McCullers Jr., Lance",621121,"HOU","SL","Slider",-1.6,-4,"258",34.1,"70","0.255","0.455","0.399",28,24.3,21,"0.205","0.373","0.343",34.2
"Abreu, Bryan",650556,"HOU","FF","4-Seam Fastball",1.8,6,"342",49.9,"70","0.131","0.164","0.203",38.7,34.3,27.6,"0.227","0.375","0.313",56.8
"King, Michael",650633,"SD","SI","Sinker",2.9,8,"258",28,"70","0.164","0.209","0.225",15.5,34.3,33.8,"0.179","0.291","0.222",39.5
"Bachar, Lake",669199,"MIA","FF","4-Seam Fastball",0.3,1,"239",38.3,"70","0.204","0.407","0.348",23.2,20,25,"0.22","0.442","0.368",58.5
"Holmes, Clay",605280,"NYM","ST","Sweeper",0.8,2,"298",19.5,"69","0.141","0.234","0.225",24.8,29,17.9,"0.155","0.232","0.204",27.3
"Quantrill, Cal",615698,"MIA","FS","Split-Finger",-1.6,-4,"278",20.5,"69","0.258","0.409","0.313",25.6,20.3,11.7,"0.27","0.388","0.301",38.5
"Montero, Rafael",606160,"ATL","FS","Split-Finger",0.8,2,"256",44.7,"69","0.169","0.271","0.263",36.9,29,19.8,"0.169","0.24","0.252",28.2
"Rodríguez, Yariel",684320,"TOR","SL","Slider",2,5,"248",37.1,"69","0.141","0.344","0.227",39.8,37.7,27.7,"0.163","0.36","0.253",30.8
"Kochanowicz, Jack",686799,"LAA","FF","4-Seam Fastball",-0.1,0,"265",18,"69","0.207","0.345","0.31",23.2,26.1,17.6,"0.244","0.462","0.362",52.5
"Varland, Louis",686973,"MIN","FF","4-Seam Fastball",2.2,6,"272",45.8,"69","0.237","0.305","0.282",17.9,20.3,23.3,"0.273","0.422","0.335",50
"De Los Santos, Enyel",660853,"ATL","FF","4-Seam Fastball",0.1,0,"278",45.9,"69","0.267","0.433","0.365",19.9,21.7,18.3,"0.278","0.49","0.373",48.9
"Freeland, Kyle",607536,"COL","CU","Curveball",0.6,2,"294",22.4,"69","0.219","0.25","0.233",37.1,29,16.5,"0.171","0.235","0.203",35.6
"Beeks, Jalen",656222,"AZ","CH","Changeup",3.5,9,"270",40.8,"68","0.063","0.079","0.11",37,29.4,20.6,"0.156","0.213","0.199",18.6
"Díaz, Edwin",621242,"NYM","FF","4-Seam Fastball",1.9,6,"304",53,"68","0.143","0.196","0.225",35.3,36.8,29.1,"0.165","0.266","0.272",42.4
"Kolek, Stephen",663568,"SD","FF","4-Seam Fastball",-1.2,-3,"277",26.3,"68","0.273","0.545","0.392",18.9,20.6,16.5,"0.27","0.501","0.389",46.5
"Williams, Gavin",668909,"CLE","FC","Cutter",1.4,4,"257",15.3,"68","0.167","0.315","0.332",20.9,7.4,11.1,"0.227","0.342","0.339",46.9
"Martinez, Nick",607259,"CIN","SI","Sinker",-1.2,-3,"235",15.6,"68","0.305","0.475","0.398",10.4,13.2,18.8,"0.276","0.382","0.332",31.4
"Littell, Zack",641793,"TB","SI","Sinker",0.2,0,"239",15.3,"68","0.266","0.578","0.378",11.4,5.9,9.8,"0.286","0.532","0.367",41.7
"Smith, Shane",681343,"CWS","SL","Slider",-1.9,-4,"228",16.3,"67","0.262","0.459","0.369",20.9,19.4,16.5,"0.243","0.43","0.323",43.8
"Anderson, Grant",681982,"MIL","ST","Sweeper",1.4,4,"286",38.8,"67","0.143","0.286","0.228",34,20.9,17.3,"0.207","0.345","0.253",30
"Díaz, Edwin",621242,"NYM","SL","Slider",1.4,4,"269",46.9,"67","0.177","0.258","0.24",44.4,41.8,32.6,"0.147","0.188","0.187",29.4
"Bivens, Spencer",702352,"SF","SI","Sinker",0.6,2,"238",35.6,"67","0.233","0.383","0.314",6.1,22.4,29.4,"0.221","0.374","0.3",35.6
"Hancock, Emerson",676106,"SEA","CH","Changeup",-2.5,-6,"261",20.9,"67","0.267","0.55","0.37",25.8,16.4,12,"0.291","0.571","0.39",34
"Lorenzen, Michael",547179,"KC","SI","Sinker",-1.1,-3,"250",15.5,"67","0.262","0.541","0.362",9.8,19.4,21,"0.271","0.496","0.358",41.7
"Uceta, Edwin",670955,"TB","CH","Changeup",1,2,"244",38.2,"67","0.213","0.295","0.254",33.6,31.3,21.9,"0.278","0.481","0.368",41.5
"Green, Chad",643338,"TOR","SL","Slider",-0.7,-2,"277",46.6,"67","0.197","0.443","0.306",24.4,17.9,13.5,"0.262","0.533","0.367",38.8
"Pepiot, Ryan",686752,"TB","SL","Slider",-1,-3,"319",19.6,"67","0.288","0.515","0.36",22.3,7.5,6.8,"0.311","0.529","0.362",29.5
"Bender, Anthony",669622,"MIA","ST","Sweeper",3.3,8,"259",45.5,"67","0.079","0.127","0.139",24.5,25.4,21.3,"0.144","0.225","0.189",32.6
"Helsley, Ryan",664854,"STL","FF","4-Seam Fastball",-2.3,-5,"230",45.9,"67","0.421","0.561","0.46",15.2,11.9,14,"0.352","0.533","0.422",56
"Gonsolin, Tony",664062,"LAD","FF","4-Seam Fastball",-0.9,-2,"245",40.2,"66","0.291","0.527","0.407",23.5,12.1,12.9,"0.288","0.542","0.409",48.9
"Kelly, Merrill",518876,"AZ","FC","Cutter",1.5,5,"324",19.8,"66","0.145","0.323","0.239",21.4,24.2,25,"0.242","0.478","0.326",43.5
"Duran, Jhoan",661395,"MIN","FS","Split-Finger",3.5,8,"235",37.1,"66","0.217","0.25","0.241",28.4,15.2,20.4,"0.233","0.317","0.27",41.2
"Jobe, Jackson",695549,"DET","FF","4-Seam Fastball",-0.7,-2,"273",31.1,"66","0.296","0.519","0.395",14.2,9.1,7.7,"0.295","0.503","0.389",46
"Kirby, George",669923,"SEA","FF","4-Seam Fastball",2.3,6,"252",31.7,"66","0.164","0.23","0.211",31.1,30.3,23.5,"0.194","0.281","0.242",36.6
"Sánchez, Cristopher",650911,"PHI","SL","Slider",0,0,"252",16.5,"66","0.21","0.452","0.302",33.9,25.8,21.8,"0.238","0.488","0.329",37.8
"Bellozo, Valente",678368,"MIA","FC","Cutter",-1.3,-3,"269",34.8,"66","0.379","0.586","0.439",18.7,15.2,18.2,"0.289","0.49","0.365",42.9
"Rogers, Taylor",573124,"CIN","SI","Sinker",-2.1,-6,"269",51,"66","0.321","0.472","0.407",12.8,13.6,10.8,"0.319","0.577","0.423",48.9
"Hernández, Daysbel",678226,"ATL","SL","Slider",0,0,"284",56.9,"66","0.222","0.278","0.307",34.7,16.7,11.6,"0.222","0.315","0.317",30.2
"Soto, Gregory",642397,"BAL","SI","Sinker",1.3,4,"278",52.7,"66","0.189","0.245","0.298",19.3,18.2,22.2,"0.211","0.29","0.305",45.2
"Sugano, Tomoyuki",608372,"BAL","FF","4-Seam Fastball",-0.5,-1,"275",18.6,"66","0.281","0.509","0.386",16.4,19.7,15.9,"0.28","0.546","0.396",45.5
"Alcala, Jorge",660896,"BOS","FF","4-Seam Fastball",1,3,"270",45.7,"66","0.164","0.382","0.295",26.4,25.8,18.5,"0.177","0.352","0.292",33.3
"Uceta, Edwin",670955,"TB","FF","4-Seam Fastball",-0.8,-2,"235",36.8,"66","0.193","0.491","0.339",35.9,39.4,28,"0.216","0.513","0.358",54.8
"Cabrera, Edward",665795,"MIA","CU","Curveball",1.4,4,"283",22.3,"65","0.121","0.276","0.212",38.4,46.2,28,"0.13","0.215","0.196",43.3
"Alexander, Tyler",641302,"CWS","FF","4-Seam Fastball",1,2,"231",26,"65","0.217","0.317","0.267",18.8,16.9,13.3,"0.244","0.47","0.332",46.9
"Cameron, Noah",702070,"KC","FF","4-Seam Fastball",-1.9,-5,"238",27.9,"65","0.263","0.579","0.408",12.6,9.2,13.3,"0.314","0.616","0.429",45.1
"Yamamoto, Yoshinobu",808967,"LAD","CU","Curveball",-0.3,-1,"278",17.7,"65","0.246","0.333","0.322",35.1,29.2,26.4,"0.229","0.348","0.303",36.8
"Civale, Aaron",650644,"CWS","FC","Cutter",-0.5,-1,"271",35.7,"65","0.259","0.463","0.377",27.8,18.5,19,"0.24","0.454","0.353",39.5
"Bednar, David",670280,"PIT","FF","4-Seam Fastball",0.6,1,"234",48.1,"65","0.232","0.429","0.327",23.2,26.2,22.4,"0.265","0.553","0.383",47.5
"Bernardino, Brennan",657514,"BOS","SI","Sinker",1.1,3,"245",41.9,"65","0.275","0.314","0.339",10.9,13.8,17.3,"0.266","0.358","0.349",38.6
"Wacha, Michael",608379,"KC","FC","Cutter",-0.9,-2,"229",14.3,"65","0.333","0.579","0.412",19.5,4.6,13,"0.309","0.59","0.404",39.3
"Junis, Jakob",596001,"CLE","SL","Slider",0.8,2,"283",46.9,"65","0.238","0.317","0.246",29.8,26.2,20,"0.252","0.379","0.274",34
"Kremer, Dean",665152,"BAL","CU","Curveball",-0.6,-1,"238",14.5,"64","0.3","0.517","0.348",19.3,7.8,9.4,"0.31","0.51","0.359",29.8
"Quantrill, Cal",615698,"MIA","FF","4-Seam Fastball",-1.7,-5,"304",22.4,"64","0.339","0.589","0.422",19.4,17.2,10,"0.255","0.487","0.356",34.8
"Giolito, Lucas",608337,"BOS","SL","Slider",-0.3,-1,"249",23.7,"64","0.267","0.367","0.292",26.2,23.4,18.3,"0.335","0.512","0.377",41.3
"Nola, Aaron",605400,"PHI","CU","Curveball",-0.9,-2,"247",28.6,"64","0.31","0.466","0.37",33.3,29.7,20,"0.282","0.412","0.335",41
"Povich, Cade",700249,"BAL","CU","Curveball",-2.5,-6,"250",21.7,"64","0.322","0.508","0.418",25,21.9,16.1,"0.275","0.5","0.357",44.4
"Festa, David",701581,"MIN","FF","4-Seam Fastball",-1.6,-4,"240",32.9,"64","0.364","0.6","0.453",13.1,10.9,13.7,"0.332","0.595","0.436",45.8
"Rodríguez, Randy",678495,"SF","FF","4-Seam Fastball",1.8,6,"318",54.2,"64","0.155","0.19","0.21",28.7,39.1,25,"0.199","0.298","0.257",44.1
"Halvorsen, Seth",678020,"COL","FF","4-Seam Fastball",-0.8,-2,"274",50.7,"64","0.327","0.481","0.416",28.6,20.3,23.2,"0.279","0.394","0.363",52.5
"Jax, Griffin",643377,"MIN","ST","Sweeper",1.5,4,"276",44.2,"64","0.222","0.27","0.252",43.4,46.9,30,"0.213","0.293","0.226",42.4
"Fried, Max",608331,"NYY","FF","4-Seam Fastball",2.2,5,"226",12.3,"64","0.148","0.262","0.213",26.6,39.1,19.5,"0.184","0.361","0.252",44.4
"Wheeler, Zack",554430,"PHI","ST","Sweeper",2.2,5,"246",13.6,"64","0.159","0.254","0.185",37.3,37.5,25.3,"0.217","0.357","0.25",33.3
"Dobbins, Hunter",690928,"BOS","SL","Slider",0.1,0,"245",27.1,"64","0.242","0.435","0.301",28.2,15.6,19.6,"0.317","0.575","0.388",53.8
"Skenes, Paul",694973,"PIT","ST","Sweeper",1.7,5,"284",15.6,"63","0.133","0.2","0.185",31.3,28.6,17.8,"0.177","0.242","0.206",19
"Vodnik, Victor",680767,"COL","FF","4-Seam Fastball",0.2,1,"272",56.8,"63","0.208","0.34","0.328",17.9,19,16,"0.264","0.487","0.379",58.5
"Gallen, Zac",668678,"AZ","CH","Changeup",0,0,"234",13.7,"63","0.214","0.321","0.298",30,9.5,9,"0.256","0.458","0.346",42
"Williams, Devin",642207,"NYY","FF","4-Seam Fastball",-0.4,-1,"273",46.8,"63","0.24","0.32","0.338",37.7,33.3,26.9,"0.218","0.33","0.331",41.4
"Quintana, Jose",500779,"MIL","CH","Changeup",-1.1,-3,"243",22.2,"63","0.311","0.393","0.322",19.6,12.7,11.3,"0.284","0.399","0.307",34
"Severino, Luis",622663,"ATH","FC","Cutter",0.6,2,"322",17.4,"63","0.273","0.364","0.335",19,3.2,6.7,"0.326","0.488","0.383",33.3
"Hader, Josh",623352,"HOU","SL","Slider",2.3,6,"247",40,"62","0.167","0.3","0.214",55,51.6,32.3,"0.135","0.194","0.159",25
"Bassitt, Chris",605135,"TOR","CU","Curveball",1.3,4,"283",16.9,"62","0.161","0.304","0.245",33.3,24.2,16.5,"0.175","0.274","0.241",19.5
"Ashcraft, Graham",668933,"CIN","SL","Slider",1.9,5,"250",42,"62","0.153","0.237","0.2",43.5,46.8,27.6,"0.141","0.18","0.157",35.5
"Yates, Kirby",489446,"LAD","FF","4-Seam Fastball",1.3,3,"258",53.9,"61","0.211","0.456","0.307",36.7,36.1,25.3,"0.189","0.401","0.277",40
"Brown, Hunter",686613,"HOU","CU","Curveball",2,6,"281",17.3,"61","0.153","0.169","0.161",38.9,44.3,26.7,"0.165","0.195","0.174",31.3
"Meyer, Max",676974,"MIA","FF","4-Seam Fastball",-2.7,-6,"231",22.2,"61","0.315","0.63","0.433",14,13.1,13.1,"0.347","0.703","0.471",52.2
"Pivetta, Nick",601713,"SD","ST","Sweeper",1.8,5,"282",18.9,"61","0.153","0.254","0.221",36.6,36.1,25.3,"0.155","0.266","0.196",13.5
"Banda, Anthony",607455,"LAD","SL","Slider",1,3,"287",44.7,"61","0.113","0.189","0.208",36.5,29.5,18.4,"0.175","0.351","0.285",28.6
"Buehler, Walker",621111,"BOS","FC","Cutter",-1.5,-4,"240",18.5,"61","0.396","0.679","0.49",19.4,9.8,14,"0.338","0.542","0.418",34
"Burke, Sean",680732,"CWS","CU","Curveball",0.4,1,"307",21.1,"61","0.217","0.4","0.294",27.9,27.9,20.2,"0.282","0.51","0.353",46.5
"Bellozo, Valente",678368,"MIA","FF","4-Seam Fastball",0.5,1,"224",28.9,"60","0.222","0.352","0.281",17.9,18.3,12.6,"0.229","0.432","0.322",41.9
"Leiter, Jack",683004,"TEX","SI","Sinker",2.1,5,"227",17.5,"60","0.255","0.291","0.28",15.5,15,19.1,"0.357","0.574","0.422",56.5
"Hamilton, Ian",641656,"NYY","SI","Sinker",0.4,1,"240",45.7,"60","0.261","0.37","0.374",10.4,8.3,12.2,"0.343","0.493","0.436",35.7
"Strahm, Matt",621381,"PHI","FF","4-Seam Fastball",-1.7,-4,"227",38.5,"60","0.212","0.442","0.308",26.3,38.3,25.3,"0.176","0.399","0.284",51.6
"Kikuchi, Yusei",579328,"LAA","CU","Curveball",2.4,5,"225",13,"60","0.143","0.214","0.206",28.1,20,19,"0.187","0.281","0.233",29.5
"Paddack, Chris",663978,"MIN","SL","Slider",-0.5,-1,"247",15.6,"60","0.246","0.491","0.345",24.8,23.3,16.1,"0.289","0.488","0.349",46.5
"Burke, Brock",656271,"LAA","FF","4-Seam Fastball",1,3,"265",44.5,"60","0.245","0.367","0.314",20.8,25,16.1,"0.261","0.534","0.382",51.4
"Bird, Jake",656234,"COL","SL","Slider",1.3,4,"302",38.6,"59","0.226","0.34","0.306",33.1,33.9,25.6,"0.165","0.234","0.224",27.3
"Brazobán, Huascar",623211,"NYM","SI","Sinker",2,5,"252",34.9,"59","0.196","0.196","0.284",16.1,13.6,25,"0.224","0.274","0.325",38.1
"Buehler, Walker",621111,"BOS","FF","4-Seam Fastball",-3.6,-11,"318",24.6,"59","0.354","0.75","0.496",13.3,15.3,10.7,"0.309","0.654","0.455",55
"Walker, Taijuan",592836,"PHI","FC","Cutter",0.6,2,"275",29.3,"59","0.22","0.48","0.365",20.5,18.6,25.6,"0.189","0.338","0.288",37.5
"Ross, Joe",605452,"PHI","FF","4-Seam Fastball",-0.2,0,"260",37.9,"59","0.306","0.469","0.371",28.3,13.6,13.3,"0.307","0.54","0.398",39.5
"Falter, Bailey",663559,"PIT","SL","Slider",-0.7,-2,"244",17.6,"59","0.214","0.411","0.302",24.6,20.3,18.5,"0.27","0.491","0.34",47.7
"Doval, Camilo",666808,"SF","FC","Cutter",0.7,2,"275",44.8,"59","0.208","0.292","0.289",12.8,11.9,14.6,"0.299","0.49","0.388",44.2
"Faucher, Calvin",676534,"MIA","FC","Cutter",2,5,"231",39.2,"58","0.245","0.321","0.291",18.3,19,18.6,"0.32","0.413","0.346",30.2
"Leiter Jr., Mark",643410,"NYY","SI","Sinker",-0.2,0,"242",38.8,"58","0.358","0.472","0.415",10.8,13.8,24.2,"0.31","0.4","0.343",24.4
"Kershaw, Clayton",477132,"LAD","FF","4-Seam Fastball",-0.6,-1,"250",36.5,"58","0.235","0.431","0.336",3.7,3.4,5.6,"0.284","0.425","0.35",46
"Heaney, Andrew",571760,"PIT","SL","Slider",-1.2,-3,"230",15.6,"58","0.236","0.455","0.3",32.4,29.3,20.7,"0.248","0.379","0.279",38.5
"Blanco, Ronel",669854,"HOU","FF","4-Seam Fastball",-1.7,-5,"283",35.6,"58","0.267","0.6","0.432",16.8,10.3,9.2,"0.24","0.487","0.388",45
"Vásquez, Randy",681190,"SD","FF","4-Seam Fastball",0.1,0,"275",18.8,"57","0.277","0.426","0.372",11.9,10.5,7.8,"0.284","0.528","0.406",43.9
"Scott, Tanner",656945,"LAD","SL","Slider",1,3,"257",41.5,"57","0.283","0.358","0.311",36.1,31.6,19.4,"0.22","0.301","0.258",34.3
"Senga, Kodai",673540,"NYM","FC","Cutter",1.6,4,"244",20.8,"57","0.224","0.265","0.332",18.7,3.5,8,"0.269","0.335","0.324",46.8
"Blewett, Scott",656240,"BAL","FF","4-Seam Fastball",0.2,1,"251",36.3,"57","0.234","0.468","0.354",17.3,12.3,14.9,"0.287","0.601","0.419",63.4
"Cantillo, Joey",676282,"CLE","FF","4-Seam Fastball",-2.9,-7,"238",40.7,"57","0.292","0.646","0.456",13.2,24.6,24.6,"0.297","0.619","0.435",64.7
"Domínguez, Seranthony",622554,"BAL","FF","4-Seam Fastball",-0.8,-2,"270",44.3,"57","0.214","0.476","0.412",26.1,21.1,20.7,"0.208","0.424","0.38",30
"Helsley, Ryan",664854,"STL","SL","Slider",3.8,9,"233",46.5,"57","0.074","0.148","0.113",46.4,47.4,28.7,"0.107","0.182","0.141",25
"Leasure, Jordan",673929,"CWS","SL","Slider",0.9,2,"250",42,"57","0.176","0.314","0.291",39.7,29.8,23,"0.178","0.256","0.241",32.4
"Holmes, Grant",656550,"ATL","FC","Cutter",2.4,6,"233",13.7,"57","0.212","0.288","0.275",17.8,5.3,11.5,"0.263","0.367","0.309",38.8
"De Los Santos, Enyel",660853,"ATL","SL","Slider",0.9,2,"242",39.9,"57","0.192","0.269","0.244",39.3,28.1,20,"0.194","0.283","0.248",33.3
"Scott, Tayler",605463,"AZ","FF","4-Seam Fastball",-3.1,-7,"244",49.4,"57","0.295","0.545","0.429",24.5,14,11,"0.274","0.534","0.417",43.2
"Ryan, Joe",657746,"MIN","FS","Split-Finger",-1.4,-3,"225",13.7,"56","0.212","0.442","0.314",23.7,23.2,14.3,"0.233","0.467","0.316",42.5
"Stewart, Brock",592779,"MIN","FF","4-Seam Fastball",2,5,"240",53.8,"56","0.22","0.28","0.264",34.9,39.3,27.5,"0.192","0.305","0.256",34.5
"Pfaadt, Brandon",694297,"AZ","CH","Changeup",0,0,"251",16,"56","0.264","0.415","0.314",29.1,7.1,6.9,"0.351","0.58","0.413",34.7
"Okert, Steven",595345,"HOU","FF","4-Seam Fastball",1.7,4,"229",43.1,"56","0.18","0.32","0.257",29.2,28.6,30.8,"0.214","0.44","0.314",40
"Peterson, David",656849,"NYM","CH","Changeup",1.3,3,"234",14.7,"56","0.17","0.245","0.24",20.5,14.3,14,"0.258","0.338","0.282",35.6
"Rogers, Taylor",573124,"CIN","ST","Sweeper",0.9,2,"257",48.8,"56","0.173","0.327","0.266",35.6,37.5,22.3,"0.144","0.232","0.188",28.1
"Cano, Yennier",666974,"BAL","SI","Sinker",1.9,5,"238",46.4,"56","0.188","0.25","0.273",23.7,19.6,20.8,"0.21","0.321","0.288",42.1
"Chivilli, Angel",683409,"COL","CH","Changeup",-0.9,-2,"229",38.4,"55","0.235","0.373","0.31",36.8,23.6,17.3,"0.222","0.383","0.289",28.9
"Gray, Sonny",543243,"STL","CU","Curveball",2.4,6,"256",17.5,"55","0.135","0.212","0.179",30.2,29.1,33.3,"0.193","0.323","0.245",33.3
"Crochet, Garrett",676979,"BOS","SI","Sinker",1.5,4,"243",12.9,"55","0.292","0.313","0.325",22.8,10.9,15.4,"0.316","0.415","0.366",28.6
"Fluharty, Mason",689254,"TOR","ST","Sweeper",-0.1,0,"226",40.4,"55","0.264","0.491","0.334",32.7,25.5,20.6,"0.203","0.392","0.267",28.2
"Hicks, Jordan",663855,"BOS","ST","Sweeper",-0.5,-1,"243",27.7,"54","0.255","0.426","0.361",44.3,24.1,18.8,"0.186","0.299","0.271",23.5
"Bibee, Tanner",676440,"CLE","FC","Cutter",0.1,0,"296",18,"54","0.26","0.5","0.367",28.8,11.1,12.2,"0.225","0.434","0.31",40.9
"Adam, Jason",592094,"SD","SL","Slider",0.3,1,"251",34.3,"53","0.313","0.438","0.365",44.3,32.1,34.7,"0.252","0.384","0.299",37.5
"Peralta, Freddy",642547,"MIL","CU","Curveball",-0.2,0,"231",13.5,"53","0.22","0.38","0.281",34.7,35.8,17,"0.206","0.301","0.245",25.8
"Sears, JP",676664,"ATH","CH","Changeup",-1.2,-3,"252",15.8,"53","0.288","0.519","0.36",21.3,7.5,12.9,"0.277","0.462","0.313",30.6
"Mikolas, Miles",571945,"STL","CU","Curveball",-1.5,-4,"236",16.9,"53","0.224","0.449","0.301",25.3,32.1,18.7,"0.192","0.356","0.261",33.3
"Eovaldi, Nathan",543135,"TEX","FC","Cutter",3.3,8,"238",20.1,"53","0.173","0.288","0.207",23,26.4,25.5,"0.261","0.534","0.341",42.1
"Hoffman, Jeff",656546,"TOR","FF","4-Seam Fastball",-0.4,-1,"231",38.4,"53","0.213","0.511","0.345",23.4,30.2,21.6,"0.278","0.627","0.414",54.8
"Ryan, Joe",657746,"MIN","ST","Sweeper",0.1,0,"228",13.9,"52","0.188","0.313","0.238",37.8,36.5,20.9,"0.184","0.262","0.229",30
"Taillon, Jameson",592791,"CHC","CU","Curveball",3,7,"228",15.3,"52","0.122","0.122","0.147",15.7,26.9,16.3,"0.198","0.316","0.247",34.3
"Rodríguez, Yariel",684320,"TOR","FF","4-Seam Fastball",0.9,2,"280",41.9,"52","0.163","0.279","0.277",18.5,9.6,10,"0.211","0.37","0.325",42.1
"Olson, Reese",681857,"DET","CH","Changeup",1.6,4,"230",25.8,"52","0.143","0.245","0.199",48.3,42.3,26.8,"0.17","0.263","0.215",29.6
"Gilbert, Logan",669302,"SEA","FF","4-Seam Fastball",1.1,3,"267",31.3,"52","0.196","0.326","0.278",24.2,21.2,18,"0.23","0.37","0.306",48.6
"Bello, Brayan",678394,"BOS","ST","Sweeper",-0.3,-1,"278",21.6,"52","0.205","0.341","0.31",23.5,32.7,15.9,"0.228","0.495","0.354",46.4
"Eovaldi, Nathan",543135,"TEX","CU","Curveball",2.6,6,"248",21,"51","0.085","0.085","0.161",44.4,37.3,21.6,"0.156","0.236","0.209",25
"Santillan, Tony",663574,"CIN","SL","Slider",-1.9,-4,"237",34.6,"50","0.286","0.476","0.372",31.6,18,9.2,"0.276","0.494","0.372",29.4
"Fairbanks, Pete",664126,"TB","SL","Slider",1,2,"234",40.3,"50","0.13","0.217","0.228",27.6,26,16.9,"0.172","0.212","0.208",21.2
"Vesia, Alex",681911,"LAD","SL","Slider",0,0,"235",38.7,"50","0.222","0.467","0.33",39.8,36,19.4,"0.211","0.41","0.305",29.6
"Gordon, Colton",676467,"HOU","ST","Sweeper",-2.7,-6,"239",31.4,"49","0.333","0.625","0.411",25.2,32.7,14.3,"0.23","0.408","0.279",34.4
"Milner, Hoby",571948,"TEX","ST","Sweeper",1,3,"267",38.3,"47","0.227","0.273","0.265",15.5,19.1,15,"0.277","0.497","0.332",35.1
"Rodriguez, Eduardo",593958,"AZ","FC","Cutter",0.7,2,"229",17.3,"47","0.273","0.432","0.34",29,29.8,31.1,"0.232","0.385","0.281",25.8
"Montero, Rafael",606160,"ATL","FF","4-Seam Fastball",1.3,3,"262",45.7,"47","0.214","0.31","0.277",26.2,25.5,15.8,"0.297","0.534","0.388",73.3
"Hendricks, Kyle",543294,"LAA","FF","4-Seam Fastball",0.3,1,"223",15.3,"46","0.225","0.5","0.339",20.2,21.7,16.1,"0.223","0.485","0.337",35.5
"Chapman, Aroldis",547973,"BOS","FF","4-Seam Fastball",1.9,4,"229",44,"46","0.171","0.244","0.276",31.7,15.2,18.4,"0.231","0.409","0.317",41.2
"Bradley, Taj",671737,"TB","CU","Curveball",1.1,2,"225",14.4,"45","0.091","0.114","0.123",33.3,60,23.7,"0.098","0.14","0.116",23.5
"Alcantara, Sandy",645261,"MIA","SL","Slider",-0.4,-1,"244",16.3,"44","0.237","0.421","0.306",28.3,20.5,15,"0.37","0.672","0.45",45.2
"Kochanowicz, Jack",686799,"LAA","SL","Slider",-2.2,-5,"232",15.8,"41","0.412","0.618","0.472",26.5,9.8,11.8,"0.342","0.534","0.414",29
"King, Michael",650633,"SD","FF","4-Seam Fastball",-2.3,-5,"231",25,"39","0.303","0.727","0.469",31.7,23.1,12.5,"0.28","0.684","0.448",54.2